Attempt 1 at connecting failed: TimeoutError: 
Attempt 2 at connecting failed: TimeoutError: 
Attempt 3 at connecting failed: TimeoutError: 
Server closed the connection: [Errno 104] Connection reset by peer
Attempt 1 at connecting failed: TimeoutError: 
Attempt 2 at connecting failed: TimeoutError: 
Attempt 1 at connecting failed: TimeoutError: 
Attempt 2 at connecting failed: TimeoutError: 
Attempt 1 at connecting failed: TimeoutError: 
Attempt 2 at connecting failed: TimeoutError: 
Attempt 3 at connecting failed: TimeoutError: 
Attempt 1 at connecting failed: TimeoutError: 
Attempt 2 at connecting failed: TimeoutError: 
Attempt 3 at connecting failed: TimeoutError: 
Attempt 1 at connecting failed: TimeoutError: 
Attempt 2 at connecting failed: TimeoutError: 
Attempt 3 at connecting failed: TimeoutError: 
Server closed the connection: [Errno 104] Connection reset by peer
Attempt 1 at connecting failed: TimeoutError: 
Attempt 2 at connecting failed: TimeoutError: 
Attempt 3 at connecting failed: TimeoutError: 
Attempt 1 at connecting failed: TimeoutError: 
Attempt 2 at connecting failed: TimeoutError: 
Server closed the connection: [Errno 104] Connection reset by peer
Attempt 1 at connecting failed: TimeoutError: 
Attempt 2 at connecting failed: TimeoutError: 
Attempt 3 at connecting failed: TimeoutError: 
Telegram is having internal issues TimeoutError: Timeout while fetching data (caused by GetFileRequest)
Telegram is having internal issues TimeoutError: Timeout while fetching data (caused by GetFileRequest)
Unhandled exception on handler
Traceback (most recent call last):
  File "/mnt/Mirror/TelegramBot/TelegramMediaDownloader/venvTelegram/lib/python3.12/site-packages/telethon/client/updates.py", line 96, in run_until_disconnected
    return self.loop.run_until_complete(self._run_until_disconnected())
           ^^^^^^^^^^^^^^^^^^^^^^^^^^^^^^^^^^^^^^^^^^^^^^^^^^^^^^^^^^^^
  File "/usr/lib/python3.12/asyncio/base_events.py", line 674, in run_until_complete
    self.run_forever()
  File "/usr/lib/python3.12/asyncio/base_events.py", line 641, in run_forever
    self._run_once()
  File "/usr/lib/python3.12/asyncio/base_events.py", line 1987, in _run_once
    handle._run()
  File "/usr/lib/python3.12/asyncio/events.py", line 88, in _run
    self._context.run(self._callback, *self._args)
  File "/mnt/Mirror/TelegramBot/TelegramMediaDownloader/venvTelegram/lib/python3.12/site-packages/telethon/client/updates.py", line 574, in _dispatch_update
    await callback(event)
  File "/mnt/Mirror/TelegramBot/TelegramMediaDownloader/beta.py", line 398, in menu_handler
    exit()
  File "<frozen _sitebuiltins>", line 26, in __call__
SystemExit: None

During handling of the above exception, another exception occurred:

Traceback (most recent call last):
  File "/mnt/Mirror/TelegramBot/TelegramMediaDownloader/beta.py", line 69, in descargarArchivos
    path_real = await event.message.download_media(file=path_incomplete, progress_callback=progreso(event.message.id, file_name))
                ^^^^^^^^^^^^^^^^^^^^^^^^^^^^^^^^^^^^^^^^^^^^^^^^^^^^^^^^^^^^^^^^^^^^^^^^^^^^^^^^^^^^^^^^^^^^^^^^^^^^^^^^^^^^^^^^^
  File "/mnt/Mirror/TelegramBot/TelegramMediaDownloader/venvTelegram/lib/python3.12/site-packages/telethon/tl/custom/message.py", line 920, in download_media
    return await self._client.download_media(self, *args, **kwargs)
           ^^^^^^^^^^^^^^^^^^^^^^^^^^^^^^^^^^^^^^^^^^^^^^^^^^^^^^^^
  File "/mnt/Mirror/TelegramBot/TelegramMediaDownloader/venvTelegram/lib/python3.12/site-packages/telethon/client/downloads.py", line 441, in download_media
    return await self._download_document(
           ^^^^^^^^^^^^^^^^^^^^^^^^^^^^^^
  File "/mnt/Mirror/TelegramBot/TelegramMediaDownloader/venvTelegram/lib/python3.12/site-packages/telethon/client/downloads.py", line 932, in _download_document
    result = await self._download_file(
             ^^^^^^^^^^^^^^^^^^^^^^^^^^
  File "/mnt/Mirror/TelegramBot/TelegramMediaDownloader/venvTelegram/lib/python3.12/site-packages/telethon/client/downloads.py", line 566, in _download_file
    async for chunk in self._iter_download(
  File "/mnt/Mirror/TelegramBot/TelegramMediaDownloader/venvTelegram/lib/python3.12/site-packages/telethon/requestiter.py", line 74, in __anext__
    if await self._load_next_chunk():
       ^^^^^^^^^^^^^^^^^^^^^^^^^^^^^
  File "/mnt/Mirror/TelegramBot/TelegramMediaDownloader/venvTelegram/lib/python3.12/site-packages/telethon/client/downloads.py", line 79, in _load_next_chunk
    cur = await self._request()
          ^^^^^^^^^^^^^^^^^^^^^
  File "/mnt/Mirror/TelegramBot/TelegramMediaDownloader/venvTelegram/lib/python3.12/site-packages/telethon/client/downloads.py", line 89, in _request
    result = await self._client._call(self._sender, self.request)
             ^^^^^^^^^^^^^^^^^^^^^^^^^^^^^^^^^^^^^^^^^^^^^^^^^^^^
  File "/mnt/Mirror/TelegramBot/TelegramMediaDownloader/venvTelegram/lib/python3.12/site-packages/telethon/client/users.py", line 72, in _call
    future = sender.send(request, ordered=ordered)
             ^^^^^^^^^^^^^^^^^^^^^^^^^^^^^^^^^^^^^
  File "/mnt/Mirror/TelegramBot/TelegramMediaDownloader/venvTelegram/lib/python3.12/site-packages/telethon/network/mtprotosender.py", line 178, in send
    raise ConnectionError('Cannot send requests while disconnected')
ConnectionError: Cannot send requests while disconnected

During handling of the above exception, another exception occurred:

Traceback (most recent call last):
  File "/mnt/Mirror/TelegramBot/TelegramMediaDownloader/venvTelegram/lib/python3.12/site-packages/telethon/client/updates.py", line 574, in _dispatch_update
    await callback(event)
  File "/mnt/Mirror/TelegramBot/TelegramMediaDownloader/beta.py", line 426, in handler
    await descargarArchivos(client, event, file_name)
  File "/mnt/Mirror/TelegramBot/TelegramMediaDownloader/beta.py", line 86, in descargarArchivos
    await client.send_message(chat_personal, f"No se pudo descargar {file_name} por culpa de {e}")
  File "/mnt/Mirror/TelegramBot/TelegramMediaDownloader/venvTelegram/lib/python3.12/site-packages/telethon/client/messages.py", line 926, in send_message
    result = await self(request)
             ^^^^^^^^^^^^^^^^^^^
  File "/mnt/Mirror/TelegramBot/TelegramMediaDownloader/venvTelegram/lib/python3.12/site-packages/telethon/client/users.py", line 30, in __call__
    return await self._call(self._sender, request, ordered=ordered)
           ^^^^^^^^^^^^^^^^^^^^^^^^^^^^^^^^^^^^^^^^^^^^^^^^^^^^^^^^
  File "/mnt/Mirror/TelegramBot/TelegramMediaDownloader/venvTelegram/lib/python3.12/site-packages/telethon/client/users.py", line 72, in _call
    future = sender.send(request, ordered=ordered)
             ^^^^^^^^^^^^^^^^^^^^^^^^^^^^^^^^^^^^^
  File "/mnt/Mirror/TelegramBot/TelegramMediaDownloader/venvTelegram/lib/python3.12/site-packages/telethon/network/mtprotosender.py", line 178, in send
    raise ConnectionError('Cannot send requests while disconnected')
ConnectionError: Cannot send requests while disconnected
Unhandled exception on handler
Traceback (most recent call last):
  File "/mnt/Mirror/TelegramBot/TelegramMediaDownloader/venvTelegram/lib/python3.12/site-packages/telethon/client/updates.py", line 96, in run_until_disconnected
    return self.loop.run_until_complete(self._run_until_disconnected())
           ^^^^^^^^^^^^^^^^^^^^^^^^^^^^^^^^^^^^^^^^^^^^^^^^^^^^^^^^^^^^
  File "/usr/lib/python3.12/asyncio/base_events.py", line 674, in run_until_complete
    self.run_forever()
  File "/usr/lib/python3.12/asyncio/base_events.py", line 641, in run_forever
    self._run_once()
  File "/usr/lib/python3.12/asyncio/base_events.py", line 1987, in _run_once
    handle._run()
  File "/usr/lib/python3.12/asyncio/events.py", line 88, in _run
    self._context.run(self._callback, *self._args)
  File "/mnt/Mirror/TelegramBot/TelegramMediaDownloader/venvTelegram/lib/python3.12/site-packages/telethon/client/updates.py", line 574, in _dispatch_update
    await callback(event)
  File "/mnt/Mirror/TelegramBot/TelegramMediaDownloader/beta.py", line 398, in menu_handler
    exit()
  File "<frozen _sitebuiltins>", line 26, in __call__
SystemExit: None

During handling of the above exception, another exception occurred:

Traceback (most recent call last):
  File "/mnt/Mirror/TelegramBot/TelegramMediaDownloader/beta.py", line 63, in descargarArchivos
    await enviarMensaje(f"{file_name} ha sido iniciado como descarga")
  File "/mnt/Mirror/TelegramBot/TelegramMediaDownloader/beta.py", line 215, in enviarMensaje
    await client.send_message(chat_personal, msj)
  File "/mnt/Mirror/TelegramBot/TelegramMediaDownloader/venvTelegram/lib/python3.12/site-packages/telethon/client/messages.py", line 926, in send_message
    result = await self(request)
             ^^^^^^^^^^^^^^^^^^^
  File "/mnt/Mirror/TelegramBot/TelegramMediaDownloader/venvTelegram/lib/python3.12/site-packages/telethon/client/users.py", line 30, in __call__
    return await self._call(self._sender, request, ordered=ordered)
           ^^^^^^^^^^^^^^^^^^^^^^^^^^^^^^^^^^^^^^^^^^^^^^^^^^^^^^^^
  File "/mnt/Mirror/TelegramBot/TelegramMediaDownloader/venvTelegram/lib/python3.12/site-packages/telethon/client/users.py", line 72, in _call
    future = sender.send(request, ordered=ordered)
             ^^^^^^^^^^^^^^^^^^^^^^^^^^^^^^^^^^^^^
  File "/mnt/Mirror/TelegramBot/TelegramMediaDownloader/venvTelegram/lib/python3.12/site-packages/telethon/network/mtprotosender.py", line 178, in send
    raise ConnectionError('Cannot send requests while disconnected')
ConnectionError: Cannot send requests while disconnected

During handling of the above exception, another exception occurred:

Traceback (most recent call last):
  File "/mnt/Mirror/TelegramBot/TelegramMediaDownloader/venvTelegram/lib/python3.12/site-packages/telethon/client/updates.py", line 574, in _dispatch_update
    await callback(event)
  File "/mnt/Mirror/TelegramBot/TelegramMediaDownloader/beta.py", line 426, in handler
    await descargarArchivos(client, event, file_name)
  File "/mnt/Mirror/TelegramBot/TelegramMediaDownloader/beta.py", line 86, in descargarArchivos
    await client.send_message(chat_personal, f"No se pudo descargar {file_name} por culpa de {e}")
  File "/mnt/Mirror/TelegramBot/TelegramMediaDownloader/venvTelegram/lib/python3.12/site-packages/telethon/client/messages.py", line 926, in send_message
    result = await self(request)
             ^^^^^^^^^^^^^^^^^^^
  File "/mnt/Mirror/TelegramBot/TelegramMediaDownloader/venvTelegram/lib/python3.12/site-packages/telethon/client/users.py", line 30, in __call__
    return await self._call(self._sender, request, ordered=ordered)
           ^^^^^^^^^^^^^^^^^^^^^^^^^^^^^^^^^^^^^^^^^^^^^^^^^^^^^^^^
  File "/mnt/Mirror/TelegramBot/TelegramMediaDownloader/venvTelegram/lib/python3.12/site-packages/telethon/client/users.py", line 72, in _call
    future = sender.send(request, ordered=ordered)
             ^^^^^^^^^^^^^^^^^^^^^^^^^^^^^^^^^^^^^
  File "/mnt/Mirror/TelegramBot/TelegramMediaDownloader/venvTelegram/lib/python3.12/site-packages/telethon/network/mtprotosender.py", line 178, in send
    raise ConnectionError('Cannot send requests while disconnected')
ConnectionError: Cannot send requests while disconnected
Unhandled exception on handler
Traceback (most recent call last):
  File "/mnt/Mirror/TelegramBot/TelegramMediaDownloader/venvTelegram/lib/python3.12/site-packages/telethon/client/updates.py", line 96, in run_until_disconnected
    return self.loop.run_until_complete(self._run_until_disconnected())
           ^^^^^^^^^^^^^^^^^^^^^^^^^^^^^^^^^^^^^^^^^^^^^^^^^^^^^^^^^^^^
  File "/usr/lib/python3.12/asyncio/base_events.py", line 674, in run_until_complete
    self.run_forever()
  File "/usr/lib/python3.12/asyncio/base_events.py", line 641, in run_forever
    self._run_once()
  File "/usr/lib/python3.12/asyncio/base_events.py", line 1987, in _run_once
    handle._run()
  File "/usr/lib/python3.12/asyncio/events.py", line 88, in _run
    self._context.run(self._callback, *self._args)
  File "/mnt/Mirror/TelegramBot/TelegramMediaDownloader/venvTelegram/lib/python3.12/site-packages/telethon/client/updates.py", line 574, in _dispatch_update
    await callback(event)
  File "/mnt/Mirror/TelegramBot/TelegramMediaDownloader/beta.py", line 398, in menu_handler
    exit()
  File "<frozen _sitebuiltins>", line 26, in __call__
SystemExit: None

During handling of the above exception, another exception occurred:

Traceback (most recent call last):
  File "/mnt/Mirror/TelegramBot/TelegramMediaDownloader/beta.py", line 63, in descargarArchivos
    await enviarMensaje(f"{file_name} ha sido iniciado como descarga")
  File "/mnt/Mirror/TelegramBot/TelegramMediaDownloader/beta.py", line 215, in enviarMensaje
    await client.send_message(chat_personal, msj)
  File "/mnt/Mirror/TelegramBot/TelegramMediaDownloader/venvTelegram/lib/python3.12/site-packages/telethon/client/messages.py", line 926, in send_message
    result = await self(request)
             ^^^^^^^^^^^^^^^^^^^
  File "/mnt/Mirror/TelegramBot/TelegramMediaDownloader/venvTelegram/lib/python3.12/site-packages/telethon/client/users.py", line 30, in __call__
    return await self._call(self._sender, request, ordered=ordered)
           ^^^^^^^^^^^^^^^^^^^^^^^^^^^^^^^^^^^^^^^^^^^^^^^^^^^^^^^^
  File "/mnt/Mirror/TelegramBot/TelegramMediaDownloader/venvTelegram/lib/python3.12/site-packages/telethon/client/users.py", line 72, in _call
    future = sender.send(request, ordered=ordered)
             ^^^^^^^^^^^^^^^^^^^^^^^^^^^^^^^^^^^^^
  File "/mnt/Mirror/TelegramBot/TelegramMediaDownloader/venvTelegram/lib/python3.12/site-packages/telethon/network/mtprotosender.py", line 178, in send
    raise ConnectionError('Cannot send requests while disconnected')
ConnectionError: Cannot send requests while disconnected

During handling of the above exception, another exception occurred:

Traceback (most recent call last):
  File "/mnt/Mirror/TelegramBot/TelegramMediaDownloader/venvTelegram/lib/python3.12/site-packages/telethon/client/updates.py", line 574, in _dispatch_update
    await callback(event)
  File "/mnt/Mirror/TelegramBot/TelegramMediaDownloader/beta.py", line 426, in handler
    await descargarArchivos(client, event, file_name)
  File "/mnt/Mirror/TelegramBot/TelegramMediaDownloader/beta.py", line 86, in descargarArchivos
    await client.send_message(chat_personal, f"No se pudo descargar {file_name} por culpa de {e}")
  File "/mnt/Mirror/TelegramBot/TelegramMediaDownloader/venvTelegram/lib/python3.12/site-packages/telethon/client/messages.py", line 926, in send_message
    result = await self(request)
             ^^^^^^^^^^^^^^^^^^^
  File "/mnt/Mirror/TelegramBot/TelegramMediaDownloader/venvTelegram/lib/python3.12/site-packages/telethon/client/users.py", line 30, in __call__
    return await self._call(self._sender, request, ordered=ordered)
           ^^^^^^^^^^^^^^^^^^^^^^^^^^^^^^^^^^^^^^^^^^^^^^^^^^^^^^^^
  File "/mnt/Mirror/TelegramBot/TelegramMediaDownloader/venvTelegram/lib/python3.12/site-packages/telethon/client/users.py", line 72, in _call
    future = sender.send(request, ordered=ordered)
             ^^^^^^^^^^^^^^^^^^^^^^^^^^^^^^^^^^^^^
  File "/mnt/Mirror/TelegramBot/TelegramMediaDownloader/venvTelegram/lib/python3.12/site-packages/telethon/network/mtprotosender.py", line 178, in send
    raise ConnectionError('Cannot send requests while disconnected')
ConnectionError: Cannot send requests while disconnected
Unhandled exception on handler
Traceback (most recent call last):
  File "/mnt/Mirror/TelegramBot/TelegramMediaDownloader/venvTelegram/lib/python3.12/site-packages/telethon/client/updates.py", line 96, in run_until_disconnected
    return self.loop.run_until_complete(self._run_until_disconnected())
           ^^^^^^^^^^^^^^^^^^^^^^^^^^^^^^^^^^^^^^^^^^^^^^^^^^^^^^^^^^^^
  File "/usr/lib/python3.12/asyncio/base_events.py", line 674, in run_until_complete
    self.run_forever()
  File "/usr/lib/python3.12/asyncio/base_events.py", line 641, in run_forever
    self._run_once()
  File "/usr/lib/python3.12/asyncio/base_events.py", line 1987, in _run_once
    handle._run()
  File "/usr/lib/python3.12/asyncio/events.py", line 88, in _run
    self._context.run(self._callback, *self._args)
  File "/mnt/Mirror/TelegramBot/TelegramMediaDownloader/venvTelegram/lib/python3.12/site-packages/telethon/client/updates.py", line 574, in _dispatch_update
    await callback(event)
  File "/mnt/Mirror/TelegramBot/TelegramMediaDownloader/beta.py", line 398, in menu_handler
    exit()
  File "<frozen _sitebuiltins>", line 26, in __call__
SystemExit: None

During handling of the above exception, another exception occurred:

Traceback (most recent call last):
  File "/mnt/Mirror/TelegramBot/TelegramMediaDownloader/beta.py", line 69, in descargarArchivos
    path_real = await event.message.download_media(file=path_incomplete, progress_callback=progreso(event.message.id, file_name))
                ^^^^^^^^^^^^^^^^^^^^^^^^^^^^^^^^^^^^^^^^^^^^^^^^^^^^^^^^^^^^^^^^^^^^^^^^^^^^^^^^^^^^^^^^^^^^^^^^^^^^^^^^^^^^^^^^^
  File "/mnt/Mirror/TelegramBot/TelegramMediaDownloader/venvTelegram/lib/python3.12/site-packages/telethon/tl/custom/message.py", line 920, in download_media
    return await self._client.download_media(self, *args, **kwargs)
           ^^^^^^^^^^^^^^^^^^^^^^^^^^^^^^^^^^^^^^^^^^^^^^^^^^^^^^^^
  File "/mnt/Mirror/TelegramBot/TelegramMediaDownloader/venvTelegram/lib/python3.12/site-packages/telethon/client/downloads.py", line 441, in download_media
    return await self._download_document(
           ^^^^^^^^^^^^^^^^^^^^^^^^^^^^^^
  File "/mnt/Mirror/TelegramBot/TelegramMediaDownloader/venvTelegram/lib/python3.12/site-packages/telethon/client/downloads.py", line 932, in _download_document
    result = await self._download_file(
             ^^^^^^^^^^^^^^^^^^^^^^^^^^
  File "/mnt/Mirror/TelegramBot/TelegramMediaDownloader/venvTelegram/lib/python3.12/site-packages/telethon/client/downloads.py", line 566, in _download_file
    async for chunk in self._iter_download(
  File "/mnt/Mirror/TelegramBot/TelegramMediaDownloader/venvTelegram/lib/python3.12/site-packages/telethon/requestiter.py", line 74, in __anext__
    if await self._load_next_chunk():
       ^^^^^^^^^^^^^^^^^^^^^^^^^^^^^
  File "/mnt/Mirror/TelegramBot/TelegramMediaDownloader/venvTelegram/lib/python3.12/site-packages/telethon/client/downloads.py", line 79, in _load_next_chunk
    cur = await self._request()
          ^^^^^^^^^^^^^^^^^^^^^
  File "/mnt/Mirror/TelegramBot/TelegramMediaDownloader/venvTelegram/lib/python3.12/site-packages/telethon/client/downloads.py", line 89, in _request
    result = await self._client._call(self._sender, self.request)
             ^^^^^^^^^^^^^^^^^^^^^^^^^^^^^^^^^^^^^^^^^^^^^^^^^^^^
  File "/mnt/Mirror/TelegramBot/TelegramMediaDownloader/venvTelegram/lib/python3.12/site-packages/telethon/client/users.py", line 72, in _call
    future = sender.send(request, ordered=ordered)
             ^^^^^^^^^^^^^^^^^^^^^^^^^^^^^^^^^^^^^
  File "/mnt/Mirror/TelegramBot/TelegramMediaDownloader/venvTelegram/lib/python3.12/site-packages/telethon/network/mtprotosender.py", line 178, in send
    raise ConnectionError('Cannot send requests while disconnected')
ConnectionError: Cannot send requests while disconnected

During handling of the above exception, another exception occurred:

Traceback (most recent call last):
  File "/mnt/Mirror/TelegramBot/TelegramMediaDownloader/venvTelegram/lib/python3.12/site-packages/telethon/client/updates.py", line 574, in _dispatch_update
    await callback(event)
  File "/mnt/Mirror/TelegramBot/TelegramMediaDownloader/beta.py", line 426, in handler
    await descargarArchivos(client, event, file_name)
  File "/mnt/Mirror/TelegramBot/TelegramMediaDownloader/beta.py", line 86, in descargarArchivos
    await client.send_message(chat_personal, f"No se pudo descargar {file_name} por culpa de {e}")
  File "/mnt/Mirror/TelegramBot/TelegramMediaDownloader/venvTelegram/lib/python3.12/site-packages/telethon/client/messages.py", line 926, in send_message
    result = await self(request)
             ^^^^^^^^^^^^^^^^^^^
  File "/mnt/Mirror/TelegramBot/TelegramMediaDownloader/venvTelegram/lib/python3.12/site-packages/telethon/client/users.py", line 30, in __call__
    return await self._call(self._sender, request, ordered=ordered)
           ^^^^^^^^^^^^^^^^^^^^^^^^^^^^^^^^^^^^^^^^^^^^^^^^^^^^^^^^
  File "/mnt/Mirror/TelegramBot/TelegramMediaDownloader/venvTelegram/lib/python3.12/site-packages/telethon/client/users.py", line 72, in _call
    future = sender.send(request, ordered=ordered)
             ^^^^^^^^^^^^^^^^^^^^^^^^^^^^^^^^^^^^^
  File "/mnt/Mirror/TelegramBot/TelegramMediaDownloader/venvTelegram/lib/python3.12/site-packages/telethon/network/mtprotosender.py", line 178, in send
    raise ConnectionError('Cannot send requests while disconnected')
ConnectionError: Cannot send requests while disconnected
Unhandled exception on handler
Traceback (most recent call last):
  File "/mnt/Mirror/TelegramBot/TelegramMediaDownloader/venvTelegram/lib/python3.12/site-packages/telethon/client/updates.py", line 96, in run_until_disconnected
    return self.loop.run_until_complete(self._run_until_disconnected())
           ^^^^^^^^^^^^^^^^^^^^^^^^^^^^^^^^^^^^^^^^^^^^^^^^^^^^^^^^^^^^
  File "/usr/lib/python3.12/asyncio/base_events.py", line 674, in run_until_complete
    self.run_forever()
  File "/usr/lib/python3.12/asyncio/base_events.py", line 641, in run_forever
    self._run_once()
  File "/usr/lib/python3.12/asyncio/base_events.py", line 1987, in _run_once
    handle._run()
  File "/usr/lib/python3.12/asyncio/events.py", line 88, in _run
    self._context.run(self._callback, *self._args)
  File "/mnt/Mirror/TelegramBot/TelegramMediaDownloader/venvTelegram/lib/python3.12/site-packages/telethon/client/updates.py", line 574, in _dispatch_update
    await callback(event)
  File "/mnt/Mirror/TelegramBot/TelegramMediaDownloader/beta.py", line 398, in menu_handler
    exit()
  File "<frozen _sitebuiltins>", line 26, in __call__
SystemExit: None

During handling of the above exception, another exception occurred:

Traceback (most recent call last):
  File "/mnt/Mirror/TelegramBot/TelegramMediaDownloader/beta.py", line 63, in descargarArchivos
    await enviarMensaje(f"{file_name} ha sido iniciado como descarga")
  File "/mnt/Mirror/TelegramBot/TelegramMediaDownloader/beta.py", line 215, in enviarMensaje
    await client.send_message(chat_personal, msj)
  File "/mnt/Mirror/TelegramBot/TelegramMediaDownloader/venvTelegram/lib/python3.12/site-packages/telethon/client/messages.py", line 926, in send_message
    result = await self(request)
             ^^^^^^^^^^^^^^^^^^^
  File "/mnt/Mirror/TelegramBot/TelegramMediaDownloader/venvTelegram/lib/python3.12/site-packages/telethon/client/users.py", line 30, in __call__
    return await self._call(self._sender, request, ordered=ordered)
           ^^^^^^^^^^^^^^^^^^^^^^^^^^^^^^^^^^^^^^^^^^^^^^^^^^^^^^^^
  File "/mnt/Mirror/TelegramBot/TelegramMediaDownloader/venvTelegram/lib/python3.12/site-packages/telethon/client/users.py", line 72, in _call
    future = sender.send(request, ordered=ordered)
             ^^^^^^^^^^^^^^^^^^^^^^^^^^^^^^^^^^^^^
  File "/mnt/Mirror/TelegramBot/TelegramMediaDownloader/venvTelegram/lib/python3.12/site-packages/telethon/network/mtprotosender.py", line 178, in send
    raise ConnectionError('Cannot send requests while disconnected')
ConnectionError: Cannot send requests while disconnected

During handling of the above exception, another exception occurred:

Traceback (most recent call last):
  File "/mnt/Mirror/TelegramBot/TelegramMediaDownloader/venvTelegram/lib/python3.12/site-packages/telethon/client/updates.py", line 574, in _dispatch_update
    await callback(event)
  File "/mnt/Mirror/TelegramBot/TelegramMediaDownloader/beta.py", line 426, in handler
    await descargarArchivos(client, event, file_name)
  File "/mnt/Mirror/TelegramBot/TelegramMediaDownloader/beta.py", line 86, in descargarArchivos
    await client.send_message(chat_personal, f"No se pudo descargar {file_name} por culpa de {e}")
  File "/mnt/Mirror/TelegramBot/TelegramMediaDownloader/venvTelegram/lib/python3.12/site-packages/telethon/client/messages.py", line 926, in send_message
    result = await self(request)
             ^^^^^^^^^^^^^^^^^^^
  File "/mnt/Mirror/TelegramBot/TelegramMediaDownloader/venvTelegram/lib/python3.12/site-packages/telethon/client/users.py", line 30, in __call__
    return await self._call(self._sender, request, ordered=ordered)
           ^^^^^^^^^^^^^^^^^^^^^^^^^^^^^^^^^^^^^^^^^^^^^^^^^^^^^^^^
  File "/mnt/Mirror/TelegramBot/TelegramMediaDownloader/venvTelegram/lib/python3.12/site-packages/telethon/client/users.py", line 72, in _call
    future = sender.send(request, ordered=ordered)
             ^^^^^^^^^^^^^^^^^^^^^^^^^^^^^^^^^^^^^
  File "/mnt/Mirror/TelegramBot/TelegramMediaDownloader/venvTelegram/lib/python3.12/site-packages/telethon/network/mtprotosender.py", line 178, in send
    raise ConnectionError('Cannot send requests while disconnected')
ConnectionError: Cannot send requests while disconnected
Unhandled exception on handler
Traceback (most recent call last):
  File "/mnt/Mirror/TelegramBot/TelegramMediaDownloader/venvTelegram/lib/python3.12/site-packages/telethon/client/updates.py", line 96, in run_until_disconnected
    return self.loop.run_until_complete(self._run_until_disconnected())
           ^^^^^^^^^^^^^^^^^^^^^^^^^^^^^^^^^^^^^^^^^^^^^^^^^^^^^^^^^^^^
  File "/usr/lib/python3.12/asyncio/base_events.py", line 674, in run_until_complete
    self.run_forever()
  File "/usr/lib/python3.12/asyncio/base_events.py", line 641, in run_forever
    self._run_once()
  File "/usr/lib/python3.12/asyncio/base_events.py", line 1987, in _run_once
    handle._run()
  File "/usr/lib/python3.12/asyncio/events.py", line 88, in _run
    self._context.run(self._callback, *self._args)
  File "/mnt/Mirror/TelegramBot/TelegramMediaDownloader/venvTelegram/lib/python3.12/site-packages/telethon/client/updates.py", line 574, in _dispatch_update
    await callback(event)
  File "/mnt/Mirror/TelegramBot/TelegramMediaDownloader/beta.py", line 398, in menu_handler
    exit()
  File "<frozen _sitebuiltins>", line 26, in __call__
SystemExit: None

During handling of the above exception, another exception occurred:

Traceback (most recent call last):
  File "/mnt/Mirror/TelegramBot/TelegramMediaDownloader/beta.py", line 63, in descargarArchivos
    await enviarMensaje(f"{file_name} ha sido iniciado como descarga")
  File "/mnt/Mirror/TelegramBot/TelegramMediaDownloader/beta.py", line 215, in enviarMensaje
    await client.send_message(chat_personal, msj)
  File "/mnt/Mirror/TelegramBot/TelegramMediaDownloader/venvTelegram/lib/python3.12/site-packages/telethon/client/messages.py", line 926, in send_message
    result = await self(request)
             ^^^^^^^^^^^^^^^^^^^
  File "/mnt/Mirror/TelegramBot/TelegramMediaDownloader/venvTelegram/lib/python3.12/site-packages/telethon/client/users.py", line 30, in __call__
    return await self._call(self._sender, request, ordered=ordered)
           ^^^^^^^^^^^^^^^^^^^^^^^^^^^^^^^^^^^^^^^^^^^^^^^^^^^^^^^^
  File "/mnt/Mirror/TelegramBot/TelegramMediaDownloader/venvTelegram/lib/python3.12/site-packages/telethon/client/users.py", line 72, in _call
    future = sender.send(request, ordered=ordered)
             ^^^^^^^^^^^^^^^^^^^^^^^^^^^^^^^^^^^^^
  File "/mnt/Mirror/TelegramBot/TelegramMediaDownloader/venvTelegram/lib/python3.12/site-packages/telethon/network/mtprotosender.py", line 178, in send
    raise ConnectionError('Cannot send requests while disconnected')
ConnectionError: Cannot send requests while disconnected

During handling of the above exception, another exception occurred:

Traceback (most recent call last):
  File "/mnt/Mirror/TelegramBot/TelegramMediaDownloader/venvTelegram/lib/python3.12/site-packages/telethon/client/updates.py", line 574, in _dispatch_update
    await callback(event)
  File "/mnt/Mirror/TelegramBot/TelegramMediaDownloader/beta.py", line 426, in handler
    await descargarArchivos(client, event, file_name)
  File "/mnt/Mirror/TelegramBot/TelegramMediaDownloader/beta.py", line 86, in descargarArchivos
    await client.send_message(chat_personal, f"No se pudo descargar {file_name} por culpa de {e}")
  File "/mnt/Mirror/TelegramBot/TelegramMediaDownloader/venvTelegram/lib/python3.12/site-packages/telethon/client/messages.py", line 926, in send_message
    result = await self(request)
             ^^^^^^^^^^^^^^^^^^^
  File "/mnt/Mirror/TelegramBot/TelegramMediaDownloader/venvTelegram/lib/python3.12/site-packages/telethon/client/users.py", line 30, in __call__
    return await self._call(self._sender, request, ordered=ordered)
           ^^^^^^^^^^^^^^^^^^^^^^^^^^^^^^^^^^^^^^^^^^^^^^^^^^^^^^^^
  File "/mnt/Mirror/TelegramBot/TelegramMediaDownloader/venvTelegram/lib/python3.12/site-packages/telethon/client/users.py", line 72, in _call
    future = sender.send(request, ordered=ordered)
             ^^^^^^^^^^^^^^^^^^^^^^^^^^^^^^^^^^^^^
  File "/mnt/Mirror/TelegramBot/TelegramMediaDownloader/venvTelegram/lib/python3.12/site-packages/telethon/network/mtprotosender.py", line 178, in send
    raise ConnectionError('Cannot send requests while disconnected')
ConnectionError: Cannot send requests while disconnected
Unhandled exception on handler
Traceback (most recent call last):
  File "/mnt/Mirror/TelegramBot/TelegramMediaDownloader/venvTelegram/lib/python3.12/site-packages/telethon/client/updates.py", line 96, in run_until_disconnected
    return self.loop.run_until_complete(self._run_until_disconnected())
           ^^^^^^^^^^^^^^^^^^^^^^^^^^^^^^^^^^^^^^^^^^^^^^^^^^^^^^^^^^^^
  File "/usr/lib/python3.12/asyncio/base_events.py", line 674, in run_until_complete
    self.run_forever()
  File "/usr/lib/python3.12/asyncio/base_events.py", line 641, in run_forever
    self._run_once()
  File "/usr/lib/python3.12/asyncio/base_events.py", line 1987, in _run_once
    handle._run()
  File "/usr/lib/python3.12/asyncio/events.py", line 88, in _run
    self._context.run(self._callback, *self._args)
  File "/mnt/Mirror/TelegramBot/TelegramMediaDownloader/venvTelegram/lib/python3.12/site-packages/telethon/client/updates.py", line 574, in _dispatch_update
    await callback(event)
  File "/mnt/Mirror/TelegramBot/TelegramMediaDownloader/beta.py", line 398, in menu_handler
    exit()
  File "<frozen _sitebuiltins>", line 26, in __call__
SystemExit: None

During handling of the above exception, another exception occurred:

Traceback (most recent call last):
  File "/mnt/Mirror/TelegramBot/TelegramMediaDownloader/beta.py", line 63, in descargarArchivos
    await enviarMensaje(f"{file_name} ha sido iniciado como descarga")
  File "/mnt/Mirror/TelegramBot/TelegramMediaDownloader/beta.py", line 215, in enviarMensaje
    await client.send_message(chat_personal, msj)
  File "/mnt/Mirror/TelegramBot/TelegramMediaDownloader/venvTelegram/lib/python3.12/site-packages/telethon/client/messages.py", line 926, in send_message
    result = await self(request)
             ^^^^^^^^^^^^^^^^^^^
  File "/mnt/Mirror/TelegramBot/TelegramMediaDownloader/venvTelegram/lib/python3.12/site-packages/telethon/client/users.py", line 30, in __call__
    return await self._call(self._sender, request, ordered=ordered)
           ^^^^^^^^^^^^^^^^^^^^^^^^^^^^^^^^^^^^^^^^^^^^^^^^^^^^^^^^
  File "/mnt/Mirror/TelegramBot/TelegramMediaDownloader/venvTelegram/lib/python3.12/site-packages/telethon/client/users.py", line 72, in _call
    future = sender.send(request, ordered=ordered)
             ^^^^^^^^^^^^^^^^^^^^^^^^^^^^^^^^^^^^^
  File "/mnt/Mirror/TelegramBot/TelegramMediaDownloader/venvTelegram/lib/python3.12/site-packages/telethon/network/mtprotosender.py", line 178, in send
    raise ConnectionError('Cannot send requests while disconnected')
ConnectionError: Cannot send requests while disconnected

During handling of the above exception, another exception occurred:

Traceback (most recent call last):
  File "/mnt/Mirror/TelegramBot/TelegramMediaDownloader/venvTelegram/lib/python3.12/site-packages/telethon/client/updates.py", line 574, in _dispatch_update
    await callback(event)
  File "/mnt/Mirror/TelegramBot/TelegramMediaDownloader/beta.py", line 426, in handler
    await descargarArchivos(client, event, file_name)
  File "/mnt/Mirror/TelegramBot/TelegramMediaDownloader/beta.py", line 86, in descargarArchivos
    await client.send_message(chat_personal, f"No se pudo descargar {file_name} por culpa de {e}")
  File "/mnt/Mirror/TelegramBot/TelegramMediaDownloader/venvTelegram/lib/python3.12/site-packages/telethon/client/messages.py", line 926, in send_message
    result = await self(request)
             ^^^^^^^^^^^^^^^^^^^
  File "/mnt/Mirror/TelegramBot/TelegramMediaDownloader/venvTelegram/lib/python3.12/site-packages/telethon/client/users.py", line 30, in __call__
    return await self._call(self._sender, request, ordered=ordered)
           ^^^^^^^^^^^^^^^^^^^^^^^^^^^^^^^^^^^^^^^^^^^^^^^^^^^^^^^^
  File "/mnt/Mirror/TelegramBot/TelegramMediaDownloader/venvTelegram/lib/python3.12/site-packages/telethon/client/users.py", line 72, in _call
    future = sender.send(request, ordered=ordered)
             ^^^^^^^^^^^^^^^^^^^^^^^^^^^^^^^^^^^^^
  File "/mnt/Mirror/TelegramBot/TelegramMediaDownloader/venvTelegram/lib/python3.12/site-packages/telethon/network/mtprotosender.py", line 178, in send
    raise ConnectionError('Cannot send requests while disconnected')
ConnectionError: Cannot send requests while disconnected
Unhandled exception on handler
Traceback (most recent call last):
  File "/mnt/Mirror/TelegramBot/TelegramMediaDownloader/venvTelegram/lib/python3.12/site-packages/telethon/client/updates.py", line 96, in run_until_disconnected
    return self.loop.run_until_complete(self._run_until_disconnected())
           ^^^^^^^^^^^^^^^^^^^^^^^^^^^^^^^^^^^^^^^^^^^^^^^^^^^^^^^^^^^^
  File "/usr/lib/python3.12/asyncio/base_events.py", line 674, in run_until_complete
    self.run_forever()
  File "/usr/lib/python3.12/asyncio/base_events.py", line 641, in run_forever
    self._run_once()
  File "/usr/lib/python3.12/asyncio/base_events.py", line 1987, in _run_once
    handle._run()
  File "/usr/lib/python3.12/asyncio/events.py", line 88, in _run
    self._context.run(self._callback, *self._args)
  File "/mnt/Mirror/TelegramBot/TelegramMediaDownloader/venvTelegram/lib/python3.12/site-packages/telethon/client/updates.py", line 574, in _dispatch_update
    await callback(event)
  File "/mnt/Mirror/TelegramBot/TelegramMediaDownloader/beta.py", line 398, in menu_handler
    exit()
  File "<frozen _sitebuiltins>", line 26, in __call__
SystemExit: None

During handling of the above exception, another exception occurred:

Traceback (most recent call last):
  File "/mnt/Mirror/TelegramBot/TelegramMediaDownloader/beta.py", line 63, in descargarArchivos
    await enviarMensaje(f"{file_name} ha sido iniciado como descarga")
  File "/mnt/Mirror/TelegramBot/TelegramMediaDownloader/beta.py", line 215, in enviarMensaje
    await client.send_message(chat_personal, msj)
  File "/mnt/Mirror/TelegramBot/TelegramMediaDownloader/venvTelegram/lib/python3.12/site-packages/telethon/client/messages.py", line 926, in send_message
    result = await self(request)
             ^^^^^^^^^^^^^^^^^^^
  File "/mnt/Mirror/TelegramBot/TelegramMediaDownloader/venvTelegram/lib/python3.12/site-packages/telethon/client/users.py", line 30, in __call__
    return await self._call(self._sender, request, ordered=ordered)
           ^^^^^^^^^^^^^^^^^^^^^^^^^^^^^^^^^^^^^^^^^^^^^^^^^^^^^^^^
  File "/mnt/Mirror/TelegramBot/TelegramMediaDownloader/venvTelegram/lib/python3.12/site-packages/telethon/client/users.py", line 72, in _call
    future = sender.send(request, ordered=ordered)
             ^^^^^^^^^^^^^^^^^^^^^^^^^^^^^^^^^^^^^
  File "/mnt/Mirror/TelegramBot/TelegramMediaDownloader/venvTelegram/lib/python3.12/site-packages/telethon/network/mtprotosender.py", line 178, in send
    raise ConnectionError('Cannot send requests while disconnected')
ConnectionError: Cannot send requests while disconnected

During handling of the above exception, another exception occurred:

Traceback (most recent call last):
  File "/mnt/Mirror/TelegramBot/TelegramMediaDownloader/venvTelegram/lib/python3.12/site-packages/telethon/client/updates.py", line 574, in _dispatch_update
    await callback(event)
  File "/mnt/Mirror/TelegramBot/TelegramMediaDownloader/beta.py", line 426, in handler
    await descargarArchivos(client, event, file_name)
  File "/mnt/Mirror/TelegramBot/TelegramMediaDownloader/beta.py", line 86, in descargarArchivos
    await client.send_message(chat_personal, f"No se pudo descargar {file_name} por culpa de {e}")
  File "/mnt/Mirror/TelegramBot/TelegramMediaDownloader/venvTelegram/lib/python3.12/site-packages/telethon/client/messages.py", line 926, in send_message
    result = await self(request)
             ^^^^^^^^^^^^^^^^^^^
  File "/mnt/Mirror/TelegramBot/TelegramMediaDownloader/venvTelegram/lib/python3.12/site-packages/telethon/client/users.py", line 30, in __call__
    return await self._call(self._sender, request, ordered=ordered)
           ^^^^^^^^^^^^^^^^^^^^^^^^^^^^^^^^^^^^^^^^^^^^^^^^^^^^^^^^
  File "/mnt/Mirror/TelegramBot/TelegramMediaDownloader/venvTelegram/lib/python3.12/site-packages/telethon/client/users.py", line 72, in _call
    future = sender.send(request, ordered=ordered)
             ^^^^^^^^^^^^^^^^^^^^^^^^^^^^^^^^^^^^^
  File "/mnt/Mirror/TelegramBot/TelegramMediaDownloader/venvTelegram/lib/python3.12/site-packages/telethon/network/mtprotosender.py", line 178, in send
    raise ConnectionError('Cannot send requests while disconnected')
ConnectionError: Cannot send requests while disconnected
Unhandled exception on handler
Traceback (most recent call last):
  File "/mnt/Mirror/TelegramBot/TelegramMediaDownloader/venvTelegram/lib/python3.12/site-packages/telethon/client/updates.py", line 96, in run_until_disconnected
    return self.loop.run_until_complete(self._run_until_disconnected())
           ^^^^^^^^^^^^^^^^^^^^^^^^^^^^^^^^^^^^^^^^^^^^^^^^^^^^^^^^^^^^
  File "/usr/lib/python3.12/asyncio/base_events.py", line 674, in run_until_complete
    self.run_forever()
  File "/usr/lib/python3.12/asyncio/base_events.py", line 641, in run_forever
    self._run_once()
  File "/usr/lib/python3.12/asyncio/base_events.py", line 1987, in _run_once
    handle._run()
  File "/usr/lib/python3.12/asyncio/events.py", line 88, in _run
    self._context.run(self._callback, *self._args)
  File "/mnt/Mirror/TelegramBot/TelegramMediaDownloader/venvTelegram/lib/python3.12/site-packages/telethon/client/updates.py", line 574, in _dispatch_update
    await callback(event)
  File "/mnt/Mirror/TelegramBot/TelegramMediaDownloader/beta.py", line 398, in menu_handler
    exit()
  File "<frozen _sitebuiltins>", line 26, in __call__
SystemExit: None

During handling of the above exception, another exception occurred:

Traceback (most recent call last):
  File "/mnt/Mirror/TelegramBot/TelegramMediaDownloader/beta.py", line 63, in descargarArchivos
    await enviarMensaje(f"{file_name} ha sido iniciado como descarga")
  File "/mnt/Mirror/TelegramBot/TelegramMediaDownloader/beta.py", line 215, in enviarMensaje
    await client.send_message(chat_personal, msj)
  File "/mnt/Mirror/TelegramBot/TelegramMediaDownloader/venvTelegram/lib/python3.12/site-packages/telethon/client/messages.py", line 926, in send_message
    result = await self(request)
             ^^^^^^^^^^^^^^^^^^^
  File "/mnt/Mirror/TelegramBot/TelegramMediaDownloader/venvTelegram/lib/python3.12/site-packages/telethon/client/users.py", line 30, in __call__
    return await self._call(self._sender, request, ordered=ordered)
           ^^^^^^^^^^^^^^^^^^^^^^^^^^^^^^^^^^^^^^^^^^^^^^^^^^^^^^^^
  File "/mnt/Mirror/TelegramBot/TelegramMediaDownloader/venvTelegram/lib/python3.12/site-packages/telethon/client/users.py", line 72, in _call
    future = sender.send(request, ordered=ordered)
             ^^^^^^^^^^^^^^^^^^^^^^^^^^^^^^^^^^^^^
  File "/mnt/Mirror/TelegramBot/TelegramMediaDownloader/venvTelegram/lib/python3.12/site-packages/telethon/network/mtprotosender.py", line 178, in send
    raise ConnectionError('Cannot send requests while disconnected')
ConnectionError: Cannot send requests while disconnected

During handling of the above exception, another exception occurred:

Traceback (most recent call last):
  File "/mnt/Mirror/TelegramBot/TelegramMediaDownloader/venvTelegram/lib/python3.12/site-packages/telethon/client/updates.py", line 574, in _dispatch_update
    await callback(event)
  File "/mnt/Mirror/TelegramBot/TelegramMediaDownloader/beta.py", line 426, in handler
    await descargarArchivos(client, event, file_name)
  File "/mnt/Mirror/TelegramBot/TelegramMediaDownloader/beta.py", line 86, in descargarArchivos
    await client.send_message(chat_personal, f"No se pudo descargar {file_name} por culpa de {e}")
  File "/mnt/Mirror/TelegramBot/TelegramMediaDownloader/venvTelegram/lib/python3.12/site-packages/telethon/client/messages.py", line 926, in send_message
    result = await self(request)
             ^^^^^^^^^^^^^^^^^^^
  File "/mnt/Mirror/TelegramBot/TelegramMediaDownloader/venvTelegram/lib/python3.12/site-packages/telethon/client/users.py", line 30, in __call__
    return await self._call(self._sender, request, ordered=ordered)
           ^^^^^^^^^^^^^^^^^^^^^^^^^^^^^^^^^^^^^^^^^^^^^^^^^^^^^^^^
  File "/mnt/Mirror/TelegramBot/TelegramMediaDownloader/venvTelegram/lib/python3.12/site-packages/telethon/client/users.py", line 72, in _call
    future = sender.send(request, ordered=ordered)
             ^^^^^^^^^^^^^^^^^^^^^^^^^^^^^^^^^^^^^
  File "/mnt/Mirror/TelegramBot/TelegramMediaDownloader/venvTelegram/lib/python3.12/site-packages/telethon/network/mtprotosender.py", line 178, in send
    raise ConnectionError('Cannot send requests while disconnected')
ConnectionError: Cannot send requests while disconnected
Unhandled exception on handler
Traceback (most recent call last):
  File "/mnt/Mirror/TelegramBot/TelegramMediaDownloader/venvTelegram/lib/python3.12/site-packages/telethon/client/updates.py", line 96, in run_until_disconnected
    return self.loop.run_until_complete(self._run_until_disconnected())
           ^^^^^^^^^^^^^^^^^^^^^^^^^^^^^^^^^^^^^^^^^^^^^^^^^^^^^^^^^^^^
  File "/usr/lib/python3.12/asyncio/base_events.py", line 674, in run_until_complete
    self.run_forever()
  File "/usr/lib/python3.12/asyncio/base_events.py", line 641, in run_forever
    self._run_once()
  File "/usr/lib/python3.12/asyncio/base_events.py", line 1987, in _run_once
    handle._run()
  File "/usr/lib/python3.12/asyncio/events.py", line 88, in _run
    self._context.run(self._callback, *self._args)
  File "/mnt/Mirror/TelegramBot/TelegramMediaDownloader/venvTelegram/lib/python3.12/site-packages/telethon/client/updates.py", line 574, in _dispatch_update
    await callback(event)
  File "/mnt/Mirror/TelegramBot/TelegramMediaDownloader/beta.py", line 398, in menu_handler
    exit()
  File "<frozen _sitebuiltins>", line 26, in __call__
SystemExit: None

During handling of the above exception, another exception occurred:

Traceback (most recent call last):
  File "/mnt/Mirror/TelegramBot/TelegramMediaDownloader/beta.py", line 63, in descargarArchivos
    await enviarMensaje(f"{file_name} ha sido iniciado como descarga")
  File "/mnt/Mirror/TelegramBot/TelegramMediaDownloader/beta.py", line 215, in enviarMensaje
    await client.send_message(chat_personal, msj)
  File "/mnt/Mirror/TelegramBot/TelegramMediaDownloader/venvTelegram/lib/python3.12/site-packages/telethon/client/messages.py", line 926, in send_message
    result = await self(request)
             ^^^^^^^^^^^^^^^^^^^
  File "/mnt/Mirror/TelegramBot/TelegramMediaDownloader/venvTelegram/lib/python3.12/site-packages/telethon/client/users.py", line 30, in __call__
    return await self._call(self._sender, request, ordered=ordered)
           ^^^^^^^^^^^^^^^^^^^^^^^^^^^^^^^^^^^^^^^^^^^^^^^^^^^^^^^^
  File "/mnt/Mirror/TelegramBot/TelegramMediaDownloader/venvTelegram/lib/python3.12/site-packages/telethon/client/users.py", line 72, in _call
    future = sender.send(request, ordered=ordered)
             ^^^^^^^^^^^^^^^^^^^^^^^^^^^^^^^^^^^^^
  File "/mnt/Mirror/TelegramBot/TelegramMediaDownloader/venvTelegram/lib/python3.12/site-packages/telethon/network/mtprotosender.py", line 178, in send
    raise ConnectionError('Cannot send requests while disconnected')
ConnectionError: Cannot send requests while disconnected

During handling of the above exception, another exception occurred:

Traceback (most recent call last):
  File "/mnt/Mirror/TelegramBot/TelegramMediaDownloader/venvTelegram/lib/python3.12/site-packages/telethon/client/updates.py", line 574, in _dispatch_update
    await callback(event)
  File "/mnt/Mirror/TelegramBot/TelegramMediaDownloader/beta.py", line 426, in handler
    await descargarArchivos(client, event, file_name)
  File "/mnt/Mirror/TelegramBot/TelegramMediaDownloader/beta.py", line 86, in descargarArchivos
    await client.send_message(chat_personal, f"No se pudo descargar {file_name} por culpa de {e}")
  File "/mnt/Mirror/TelegramBot/TelegramMediaDownloader/venvTelegram/lib/python3.12/site-packages/telethon/client/messages.py", line 926, in send_message
    result = await self(request)
             ^^^^^^^^^^^^^^^^^^^
  File "/mnt/Mirror/TelegramBot/TelegramMediaDownloader/venvTelegram/lib/python3.12/site-packages/telethon/client/users.py", line 30, in __call__
    return await self._call(self._sender, request, ordered=ordered)
           ^^^^^^^^^^^^^^^^^^^^^^^^^^^^^^^^^^^^^^^^^^^^^^^^^^^^^^^^
  File "/mnt/Mirror/TelegramBot/TelegramMediaDownloader/venvTelegram/lib/python3.12/site-packages/telethon/client/users.py", line 72, in _call
    future = sender.send(request, ordered=ordered)
             ^^^^^^^^^^^^^^^^^^^^^^^^^^^^^^^^^^^^^
  File "/mnt/Mirror/TelegramBot/TelegramMediaDownloader/venvTelegram/lib/python3.12/site-packages/telethon/network/mtprotosender.py", line 178, in send
    raise ConnectionError('Cannot send requests while disconnected')
ConnectionError: Cannot send requests while disconnected
Unhandled exception on handler
Traceback (most recent call last):
  File "/mnt/Mirror/TelegramBot/TelegramMediaDownloader/venvTelegram/lib/python3.12/site-packages/telethon/client/updates.py", line 96, in run_until_disconnected
    return self.loop.run_until_complete(self._run_until_disconnected())
           ^^^^^^^^^^^^^^^^^^^^^^^^^^^^^^^^^^^^^^^^^^^^^^^^^^^^^^^^^^^^
  File "/usr/lib/python3.12/asyncio/base_events.py", line 674, in run_until_complete
    self.run_forever()
  File "/usr/lib/python3.12/asyncio/base_events.py", line 641, in run_forever
    self._run_once()
  File "/usr/lib/python3.12/asyncio/base_events.py", line 1987, in _run_once
    handle._run()
  File "/usr/lib/python3.12/asyncio/events.py", line 88, in _run
    self._context.run(self._callback, *self._args)
  File "/mnt/Mirror/TelegramBot/TelegramMediaDownloader/venvTelegram/lib/python3.12/site-packages/telethon/client/updates.py", line 574, in _dispatch_update
    await callback(event)
  File "/mnt/Mirror/TelegramBot/TelegramMediaDownloader/beta.py", line 398, in menu_handler
    exit()
  File "<frozen _sitebuiltins>", line 26, in __call__
SystemExit: None

During handling of the above exception, another exception occurred:

Traceback (most recent call last):
  File "/mnt/Mirror/TelegramBot/TelegramMediaDownloader/beta.py", line 63, in descargarArchivos
    await enviarMensaje(f"{file_name} ha sido iniciado como descarga")
  File "/mnt/Mirror/TelegramBot/TelegramMediaDownloader/beta.py", line 215, in enviarMensaje
    await client.send_message(chat_personal, msj)
  File "/mnt/Mirror/TelegramBot/TelegramMediaDownloader/venvTelegram/lib/python3.12/site-packages/telethon/client/messages.py", line 926, in send_message
    result = await self(request)
             ^^^^^^^^^^^^^^^^^^^
  File "/mnt/Mirror/TelegramBot/TelegramMediaDownloader/venvTelegram/lib/python3.12/site-packages/telethon/client/users.py", line 30, in __call__
    return await self._call(self._sender, request, ordered=ordered)
           ^^^^^^^^^^^^^^^^^^^^^^^^^^^^^^^^^^^^^^^^^^^^^^^^^^^^^^^^
  File "/mnt/Mirror/TelegramBot/TelegramMediaDownloader/venvTelegram/lib/python3.12/site-packages/telethon/client/users.py", line 72, in _call
    future = sender.send(request, ordered=ordered)
             ^^^^^^^^^^^^^^^^^^^^^^^^^^^^^^^^^^^^^
  File "/mnt/Mirror/TelegramBot/TelegramMediaDownloader/venvTelegram/lib/python3.12/site-packages/telethon/network/mtprotosender.py", line 178, in send
    raise ConnectionError('Cannot send requests while disconnected')
ConnectionError: Cannot send requests while disconnected

During handling of the above exception, another exception occurred:

Traceback (most recent call last):
  File "/mnt/Mirror/TelegramBot/TelegramMediaDownloader/venvTelegram/lib/python3.12/site-packages/telethon/client/updates.py", line 574, in _dispatch_update
    await callback(event)
  File "/mnt/Mirror/TelegramBot/TelegramMediaDownloader/beta.py", line 426, in handler
    await descargarArchivos(client, event, file_name)
  File "/mnt/Mirror/TelegramBot/TelegramMediaDownloader/beta.py", line 86, in descargarArchivos
    await client.send_message(chat_personal, f"No se pudo descargar {file_name} por culpa de {e}")
  File "/mnt/Mirror/TelegramBot/TelegramMediaDownloader/venvTelegram/lib/python3.12/site-packages/telethon/client/messages.py", line 926, in send_message
    result = await self(request)
             ^^^^^^^^^^^^^^^^^^^
  File "/mnt/Mirror/TelegramBot/TelegramMediaDownloader/venvTelegram/lib/python3.12/site-packages/telethon/client/users.py", line 30, in __call__
    return await self._call(self._sender, request, ordered=ordered)
           ^^^^^^^^^^^^^^^^^^^^^^^^^^^^^^^^^^^^^^^^^^^^^^^^^^^^^^^^
  File "/mnt/Mirror/TelegramBot/TelegramMediaDownloader/venvTelegram/lib/python3.12/site-packages/telethon/client/users.py", line 72, in _call
    future = sender.send(request, ordered=ordered)
             ^^^^^^^^^^^^^^^^^^^^^^^^^^^^^^^^^^^^^
  File "/mnt/Mirror/TelegramBot/TelegramMediaDownloader/venvTelegram/lib/python3.12/site-packages/telethon/network/mtprotosender.py", line 178, in send
    raise ConnectionError('Cannot send requests while disconnected')
ConnectionError: Cannot send requests while disconnected
Unhandled exception on handler
Traceback (most recent call last):
  File "/mnt/Mirror/TelegramBot/TelegramMediaDownloader/venvTelegram/lib/python3.12/site-packages/telethon/client/updates.py", line 96, in run_until_disconnected
    return self.loop.run_until_complete(self._run_until_disconnected())
           ^^^^^^^^^^^^^^^^^^^^^^^^^^^^^^^^^^^^^^^^^^^^^^^^^^^^^^^^^^^^
  File "/usr/lib/python3.12/asyncio/base_events.py", line 674, in run_until_complete
    self.run_forever()
  File "/usr/lib/python3.12/asyncio/base_events.py", line 641, in run_forever
    self._run_once()
  File "/usr/lib/python3.12/asyncio/base_events.py", line 1987, in _run_once
    handle._run()
  File "/usr/lib/python3.12/asyncio/events.py", line 88, in _run
    self._context.run(self._callback, *self._args)
  File "/mnt/Mirror/TelegramBot/TelegramMediaDownloader/venvTelegram/lib/python3.12/site-packages/telethon/client/updates.py", line 574, in _dispatch_update
    await callback(event)
  File "/mnt/Mirror/TelegramBot/TelegramMediaDownloader/beta.py", line 398, in menu_handler
    exit()
  File "<frozen _sitebuiltins>", line 26, in __call__
SystemExit: None

During handling of the above exception, another exception occurred:

Traceback (most recent call last):
  File "/mnt/Mirror/TelegramBot/TelegramMediaDownloader/beta.py", line 63, in descargarArchivos
    await enviarMensaje(f"{file_name} ha sido iniciado como descarga")
  File "/mnt/Mirror/TelegramBot/TelegramMediaDownloader/beta.py", line 215, in enviarMensaje
    await client.send_message(chat_personal, msj)
  File "/mnt/Mirror/TelegramBot/TelegramMediaDownloader/venvTelegram/lib/python3.12/site-packages/telethon/client/messages.py", line 926, in send_message
    result = await self(request)
             ^^^^^^^^^^^^^^^^^^^
  File "/mnt/Mirror/TelegramBot/TelegramMediaDownloader/venvTelegram/lib/python3.12/site-packages/telethon/client/users.py", line 30, in __call__
    return await self._call(self._sender, request, ordered=ordered)
           ^^^^^^^^^^^^^^^^^^^^^^^^^^^^^^^^^^^^^^^^^^^^^^^^^^^^^^^^
  File "/mnt/Mirror/TelegramBot/TelegramMediaDownloader/venvTelegram/lib/python3.12/site-packages/telethon/client/users.py", line 72, in _call
    future = sender.send(request, ordered=ordered)
             ^^^^^^^^^^^^^^^^^^^^^^^^^^^^^^^^^^^^^
  File "/mnt/Mirror/TelegramBot/TelegramMediaDownloader/venvTelegram/lib/python3.12/site-packages/telethon/network/mtprotosender.py", line 178, in send
    raise ConnectionError('Cannot send requests while disconnected')
ConnectionError: Cannot send requests while disconnected

During handling of the above exception, another exception occurred:

Traceback (most recent call last):
  File "/mnt/Mirror/TelegramBot/TelegramMediaDownloader/venvTelegram/lib/python3.12/site-packages/telethon/client/updates.py", line 574, in _dispatch_update
    await callback(event)
  File "/mnt/Mirror/TelegramBot/TelegramMediaDownloader/beta.py", line 426, in handler
    await descargarArchivos(client, event, file_name)
  File "/mnt/Mirror/TelegramBot/TelegramMediaDownloader/beta.py", line 86, in descargarArchivos
    await client.send_message(chat_personal, f"No se pudo descargar {file_name} por culpa de {e}")
  File "/mnt/Mirror/TelegramBot/TelegramMediaDownloader/venvTelegram/lib/python3.12/site-packages/telethon/client/messages.py", line 926, in send_message
    result = await self(request)
             ^^^^^^^^^^^^^^^^^^^
  File "/mnt/Mirror/TelegramBot/TelegramMediaDownloader/venvTelegram/lib/python3.12/site-packages/telethon/client/users.py", line 30, in __call__
    return await self._call(self._sender, request, ordered=ordered)
           ^^^^^^^^^^^^^^^^^^^^^^^^^^^^^^^^^^^^^^^^^^^^^^^^^^^^^^^^
  File "/mnt/Mirror/TelegramBot/TelegramMediaDownloader/venvTelegram/lib/python3.12/site-packages/telethon/client/users.py", line 72, in _call
    future = sender.send(request, ordered=ordered)
             ^^^^^^^^^^^^^^^^^^^^^^^^^^^^^^^^^^^^^
  File "/mnt/Mirror/TelegramBot/TelegramMediaDownloader/venvTelegram/lib/python3.12/site-packages/telethon/network/mtprotosender.py", line 178, in send
    raise ConnectionError('Cannot send requests while disconnected')
ConnectionError: Cannot send requests while disconnected
Unhandled exception on handler
Traceback (most recent call last):
  File "/mnt/Mirror/TelegramBot/TelegramMediaDownloader/venvTelegram/lib/python3.12/site-packages/telethon/client/updates.py", line 96, in run_until_disconnected
    return self.loop.run_until_complete(self._run_until_disconnected())
           ^^^^^^^^^^^^^^^^^^^^^^^^^^^^^^^^^^^^^^^^^^^^^^^^^^^^^^^^^^^^
  File "/usr/lib/python3.12/asyncio/base_events.py", line 674, in run_until_complete
    self.run_forever()
  File "/usr/lib/python3.12/asyncio/base_events.py", line 641, in run_forever
    self._run_once()
  File "/usr/lib/python3.12/asyncio/base_events.py", line 1987, in _run_once
    handle._run()
  File "/usr/lib/python3.12/asyncio/events.py", line 88, in _run
    self._context.run(self._callback, *self._args)
  File "/mnt/Mirror/TelegramBot/TelegramMediaDownloader/venvTelegram/lib/python3.12/site-packages/telethon/client/updates.py", line 574, in _dispatch_update
    await callback(event)
  File "/mnt/Mirror/TelegramBot/TelegramMediaDownloader/beta.py", line 398, in menu_handler
    exit()
  File "<frozen _sitebuiltins>", line 26, in __call__
SystemExit: None

During handling of the above exception, another exception occurred:

Traceback (most recent call last):
  File "/mnt/Mirror/TelegramBot/TelegramMediaDownloader/beta.py", line 63, in descargarArchivos
    await enviarMensaje(f"{file_name} ha sido iniciado como descarga")
  File "/mnt/Mirror/TelegramBot/TelegramMediaDownloader/beta.py", line 215, in enviarMensaje
    await client.send_message(chat_personal, msj)
  File "/mnt/Mirror/TelegramBot/TelegramMediaDownloader/venvTelegram/lib/python3.12/site-packages/telethon/client/messages.py", line 926, in send_message
    result = await self(request)
             ^^^^^^^^^^^^^^^^^^^
  File "/mnt/Mirror/TelegramBot/TelegramMediaDownloader/venvTelegram/lib/python3.12/site-packages/telethon/client/users.py", line 30, in __call__
    return await self._call(self._sender, request, ordered=ordered)
           ^^^^^^^^^^^^^^^^^^^^^^^^^^^^^^^^^^^^^^^^^^^^^^^^^^^^^^^^
  File "/mnt/Mirror/TelegramBot/TelegramMediaDownloader/venvTelegram/lib/python3.12/site-packages/telethon/client/users.py", line 72, in _call
    future = sender.send(request, ordered=ordered)
             ^^^^^^^^^^^^^^^^^^^^^^^^^^^^^^^^^^^^^
  File "/mnt/Mirror/TelegramBot/TelegramMediaDownloader/venvTelegram/lib/python3.12/site-packages/telethon/network/mtprotosender.py", line 178, in send
    raise ConnectionError('Cannot send requests while disconnected')
ConnectionError: Cannot send requests while disconnected

During handling of the above exception, another exception occurred:

Traceback (most recent call last):
  File "/mnt/Mirror/TelegramBot/TelegramMediaDownloader/venvTelegram/lib/python3.12/site-packages/telethon/client/updates.py", line 574, in _dispatch_update
    await callback(event)
  File "/mnt/Mirror/TelegramBot/TelegramMediaDownloader/beta.py", line 426, in handler
    await descargarArchivos(client, event, file_name)
  File "/mnt/Mirror/TelegramBot/TelegramMediaDownloader/beta.py", line 86, in descargarArchivos
    await client.send_message(chat_personal, f"No se pudo descargar {file_name} por culpa de {e}")
  File "/mnt/Mirror/TelegramBot/TelegramMediaDownloader/venvTelegram/lib/python3.12/site-packages/telethon/client/messages.py", line 926, in send_message
    result = await self(request)
             ^^^^^^^^^^^^^^^^^^^
  File "/mnt/Mirror/TelegramBot/TelegramMediaDownloader/venvTelegram/lib/python3.12/site-packages/telethon/client/users.py", line 30, in __call__
    return await self._call(self._sender, request, ordered=ordered)
           ^^^^^^^^^^^^^^^^^^^^^^^^^^^^^^^^^^^^^^^^^^^^^^^^^^^^^^^^
  File "/mnt/Mirror/TelegramBot/TelegramMediaDownloader/venvTelegram/lib/python3.12/site-packages/telethon/client/users.py", line 72, in _call
    future = sender.send(request, ordered=ordered)
             ^^^^^^^^^^^^^^^^^^^^^^^^^^^^^^^^^^^^^
  File "/mnt/Mirror/TelegramBot/TelegramMediaDownloader/venvTelegram/lib/python3.12/site-packages/telethon/network/mtprotosender.py", line 178, in send
    raise ConnectionError('Cannot send requests while disconnected')
ConnectionError: Cannot send requests while disconnected
Unhandled exception on handler
Traceback (most recent call last):
  File "/mnt/Mirror/TelegramBot/TelegramMediaDownloader/venvTelegram/lib/python3.12/site-packages/telethon/client/updates.py", line 96, in run_until_disconnected
    return self.loop.run_until_complete(self._run_until_disconnected())
           ^^^^^^^^^^^^^^^^^^^^^^^^^^^^^^^^^^^^^^^^^^^^^^^^^^^^^^^^^^^^
  File "/usr/lib/python3.12/asyncio/base_events.py", line 674, in run_until_complete
    self.run_forever()
  File "/usr/lib/python3.12/asyncio/base_events.py", line 641, in run_forever
    self._run_once()
  File "/usr/lib/python3.12/asyncio/base_events.py", line 1987, in _run_once
    handle._run()
  File "/usr/lib/python3.12/asyncio/events.py", line 88, in _run
    self._context.run(self._callback, *self._args)
  File "/mnt/Mirror/TelegramBot/TelegramMediaDownloader/venvTelegram/lib/python3.12/site-packages/telethon/client/updates.py", line 574, in _dispatch_update
    await callback(event)
  File "/mnt/Mirror/TelegramBot/TelegramMediaDownloader/beta.py", line 398, in menu_handler
    exit()
  File "<frozen _sitebuiltins>", line 26, in __call__
SystemExit: None

During handling of the above exception, another exception occurred:

Traceback (most recent call last):
  File "/mnt/Mirror/TelegramBot/TelegramMediaDownloader/beta.py", line 63, in descargarArchivos
    await enviarMensaje(f"{file_name} ha sido iniciado como descarga")
  File "/mnt/Mirror/TelegramBot/TelegramMediaDownloader/beta.py", line 215, in enviarMensaje
    await client.send_message(chat_personal, msj)
  File "/mnt/Mirror/TelegramBot/TelegramMediaDownloader/venvTelegram/lib/python3.12/site-packages/telethon/client/messages.py", line 926, in send_message
    result = await self(request)
             ^^^^^^^^^^^^^^^^^^^
  File "/mnt/Mirror/TelegramBot/TelegramMediaDownloader/venvTelegram/lib/python3.12/site-packages/telethon/client/users.py", line 30, in __call__
    return await self._call(self._sender, request, ordered=ordered)
           ^^^^^^^^^^^^^^^^^^^^^^^^^^^^^^^^^^^^^^^^^^^^^^^^^^^^^^^^
  File "/mnt/Mirror/TelegramBot/TelegramMediaDownloader/venvTelegram/lib/python3.12/site-packages/telethon/client/users.py", line 72, in _call
    future = sender.send(request, ordered=ordered)
             ^^^^^^^^^^^^^^^^^^^^^^^^^^^^^^^^^^^^^
  File "/mnt/Mirror/TelegramBot/TelegramMediaDownloader/venvTelegram/lib/python3.12/site-packages/telethon/network/mtprotosender.py", line 178, in send
    raise ConnectionError('Cannot send requests while disconnected')
ConnectionError: Cannot send requests while disconnected

During handling of the above exception, another exception occurred:

Traceback (most recent call last):
  File "/mnt/Mirror/TelegramBot/TelegramMediaDownloader/venvTelegram/lib/python3.12/site-packages/telethon/client/updates.py", line 574, in _dispatch_update
    await callback(event)
  File "/mnt/Mirror/TelegramBot/TelegramMediaDownloader/beta.py", line 426, in handler
    await descargarArchivos(client, event, file_name)
  File "/mnt/Mirror/TelegramBot/TelegramMediaDownloader/beta.py", line 86, in descargarArchivos
    await client.send_message(chat_personal, f"No se pudo descargar {file_name} por culpa de {e}")
  File "/mnt/Mirror/TelegramBot/TelegramMediaDownloader/venvTelegram/lib/python3.12/site-packages/telethon/client/messages.py", line 926, in send_message
    result = await self(request)
             ^^^^^^^^^^^^^^^^^^^
  File "/mnt/Mirror/TelegramBot/TelegramMediaDownloader/venvTelegram/lib/python3.12/site-packages/telethon/client/users.py", line 30, in __call__
    return await self._call(self._sender, request, ordered=ordered)
           ^^^^^^^^^^^^^^^^^^^^^^^^^^^^^^^^^^^^^^^^^^^^^^^^^^^^^^^^
  File "/mnt/Mirror/TelegramBot/TelegramMediaDownloader/venvTelegram/lib/python3.12/site-packages/telethon/client/users.py", line 72, in _call
    future = sender.send(request, ordered=ordered)
             ^^^^^^^^^^^^^^^^^^^^^^^^^^^^^^^^^^^^^
  File "/mnt/Mirror/TelegramBot/TelegramMediaDownloader/venvTelegram/lib/python3.12/site-packages/telethon/network/mtprotosender.py", line 178, in send
    raise ConnectionError('Cannot send requests while disconnected')
ConnectionError: Cannot send requests while disconnected
Unhandled exception on handler
Traceback (most recent call last):
  File "/mnt/Mirror/TelegramBot/TelegramMediaDownloader/venvTelegram/lib/python3.12/site-packages/telethon/client/updates.py", line 96, in run_until_disconnected
    return self.loop.run_until_complete(self._run_until_disconnected())
           ^^^^^^^^^^^^^^^^^^^^^^^^^^^^^^^^^^^^^^^^^^^^^^^^^^^^^^^^^^^^
  File "/usr/lib/python3.12/asyncio/base_events.py", line 674, in run_until_complete
    self.run_forever()
  File "/usr/lib/python3.12/asyncio/base_events.py", line 641, in run_forever
    self._run_once()
  File "/usr/lib/python3.12/asyncio/base_events.py", line 1987, in _run_once
    handle._run()
  File "/usr/lib/python3.12/asyncio/events.py", line 88, in _run
    self._context.run(self._callback, *self._args)
  File "/mnt/Mirror/TelegramBot/TelegramMediaDownloader/venvTelegram/lib/python3.12/site-packages/telethon/client/updates.py", line 574, in _dispatch_update
    await callback(event)
  File "/mnt/Mirror/TelegramBot/TelegramMediaDownloader/beta.py", line 398, in menu_handler
    exit()
  File "<frozen _sitebuiltins>", line 26, in __call__
SystemExit: None

During handling of the above exception, another exception occurred:

Traceback (most recent call last):
  File "/mnt/Mirror/TelegramBot/TelegramMediaDownloader/beta.py", line 63, in descargarArchivos
    await enviarMensaje(f"{file_name} ha sido iniciado como descarga")
  File "/mnt/Mirror/TelegramBot/TelegramMediaDownloader/beta.py", line 215, in enviarMensaje
    await client.send_message(chat_personal, msj)
  File "/mnt/Mirror/TelegramBot/TelegramMediaDownloader/venvTelegram/lib/python3.12/site-packages/telethon/client/messages.py", line 926, in send_message
    result = await self(request)
             ^^^^^^^^^^^^^^^^^^^
  File "/mnt/Mirror/TelegramBot/TelegramMediaDownloader/venvTelegram/lib/python3.12/site-packages/telethon/client/users.py", line 30, in __call__
    return await self._call(self._sender, request, ordered=ordered)
           ^^^^^^^^^^^^^^^^^^^^^^^^^^^^^^^^^^^^^^^^^^^^^^^^^^^^^^^^
  File "/mnt/Mirror/TelegramBot/TelegramMediaDownloader/venvTelegram/lib/python3.12/site-packages/telethon/client/users.py", line 72, in _call
    future = sender.send(request, ordered=ordered)
             ^^^^^^^^^^^^^^^^^^^^^^^^^^^^^^^^^^^^^
  File "/mnt/Mirror/TelegramBot/TelegramMediaDownloader/venvTelegram/lib/python3.12/site-packages/telethon/network/mtprotosender.py", line 178, in send
    raise ConnectionError('Cannot send requests while disconnected')
ConnectionError: Cannot send requests while disconnected

During handling of the above exception, another exception occurred:

Traceback (most recent call last):
  File "/mnt/Mirror/TelegramBot/TelegramMediaDownloader/venvTelegram/lib/python3.12/site-packages/telethon/client/updates.py", line 574, in _dispatch_update
    await callback(event)
  File "/mnt/Mirror/TelegramBot/TelegramMediaDownloader/beta.py", line 426, in handler
    await descargarArchivos(client, event, file_name)
  File "/mnt/Mirror/TelegramBot/TelegramMediaDownloader/beta.py", line 86, in descargarArchivos
    await client.send_message(chat_personal, f"No se pudo descargar {file_name} por culpa de {e}")
  File "/mnt/Mirror/TelegramBot/TelegramMediaDownloader/venvTelegram/lib/python3.12/site-packages/telethon/client/messages.py", line 926, in send_message
    result = await self(request)
             ^^^^^^^^^^^^^^^^^^^
  File "/mnt/Mirror/TelegramBot/TelegramMediaDownloader/venvTelegram/lib/python3.12/site-packages/telethon/client/users.py", line 30, in __call__
    return await self._call(self._sender, request, ordered=ordered)
           ^^^^^^^^^^^^^^^^^^^^^^^^^^^^^^^^^^^^^^^^^^^^^^^^^^^^^^^^
  File "/mnt/Mirror/TelegramBot/TelegramMediaDownloader/venvTelegram/lib/python3.12/site-packages/telethon/client/users.py", line 72, in _call
    future = sender.send(request, ordered=ordered)
             ^^^^^^^^^^^^^^^^^^^^^^^^^^^^^^^^^^^^^
  File "/mnt/Mirror/TelegramBot/TelegramMediaDownloader/venvTelegram/lib/python3.12/site-packages/telethon/network/mtprotosender.py", line 178, in send
    raise ConnectionError('Cannot send requests while disconnected')
ConnectionError: Cannot send requests while disconnected
Unhandled exception on handler
Traceback (most recent call last):
  File "/mnt/Mirror/TelegramBot/TelegramMediaDownloader/venvTelegram/lib/python3.12/site-packages/telethon/client/updates.py", line 96, in run_until_disconnected
    return self.loop.run_until_complete(self._run_until_disconnected())
           ^^^^^^^^^^^^^^^^^^^^^^^^^^^^^^^^^^^^^^^^^^^^^^^^^^^^^^^^^^^^
  File "/usr/lib/python3.12/asyncio/base_events.py", line 674, in run_until_complete
    self.run_forever()
  File "/usr/lib/python3.12/asyncio/base_events.py", line 641, in run_forever
    self._run_once()
  File "/usr/lib/python3.12/asyncio/base_events.py", line 1987, in _run_once
    handle._run()
  File "/usr/lib/python3.12/asyncio/events.py", line 88, in _run
    self._context.run(self._callback, *self._args)
  File "/mnt/Mirror/TelegramBot/TelegramMediaDownloader/venvTelegram/lib/python3.12/site-packages/telethon/client/updates.py", line 574, in _dispatch_update
    await callback(event)
  File "/mnt/Mirror/TelegramBot/TelegramMediaDownloader/beta.py", line 398, in menu_handler
    exit()
  File "<frozen _sitebuiltins>", line 26, in __call__
SystemExit: None

During handling of the above exception, another exception occurred:

Traceback (most recent call last):
  File "/mnt/Mirror/TelegramBot/TelegramMediaDownloader/beta.py", line 63, in descargarArchivos
    await enviarMensaje(f"{file_name} ha sido iniciado como descarga")
  File "/mnt/Mirror/TelegramBot/TelegramMediaDownloader/beta.py", line 215, in enviarMensaje
    await client.send_message(chat_personal, msj)
  File "/mnt/Mirror/TelegramBot/TelegramMediaDownloader/venvTelegram/lib/python3.12/site-packages/telethon/client/messages.py", line 926, in send_message
    result = await self(request)
             ^^^^^^^^^^^^^^^^^^^
  File "/mnt/Mirror/TelegramBot/TelegramMediaDownloader/venvTelegram/lib/python3.12/site-packages/telethon/client/users.py", line 30, in __call__
    return await self._call(self._sender, request, ordered=ordered)
           ^^^^^^^^^^^^^^^^^^^^^^^^^^^^^^^^^^^^^^^^^^^^^^^^^^^^^^^^
  File "/mnt/Mirror/TelegramBot/TelegramMediaDownloader/venvTelegram/lib/python3.12/site-packages/telethon/client/users.py", line 72, in _call
    future = sender.send(request, ordered=ordered)
             ^^^^^^^^^^^^^^^^^^^^^^^^^^^^^^^^^^^^^
  File "/mnt/Mirror/TelegramBot/TelegramMediaDownloader/venvTelegram/lib/python3.12/site-packages/telethon/network/mtprotosender.py", line 178, in send
    raise ConnectionError('Cannot send requests while disconnected')
ConnectionError: Cannot send requests while disconnected

During handling of the above exception, another exception occurred:

Traceback (most recent call last):
  File "/mnt/Mirror/TelegramBot/TelegramMediaDownloader/venvTelegram/lib/python3.12/site-packages/telethon/client/updates.py", line 574, in _dispatch_update
    await callback(event)
  File "/mnt/Mirror/TelegramBot/TelegramMediaDownloader/beta.py", line 426, in handler
    await descargarArchivos(client, event, file_name)
  File "/mnt/Mirror/TelegramBot/TelegramMediaDownloader/beta.py", line 86, in descargarArchivos
    await client.send_message(chat_personal, f"No se pudo descargar {file_name} por culpa de {e}")
  File "/mnt/Mirror/TelegramBot/TelegramMediaDownloader/venvTelegram/lib/python3.12/site-packages/telethon/client/messages.py", line 926, in send_message
    result = await self(request)
             ^^^^^^^^^^^^^^^^^^^
  File "/mnt/Mirror/TelegramBot/TelegramMediaDownloader/venvTelegram/lib/python3.12/site-packages/telethon/client/users.py", line 30, in __call__
    return await self._call(self._sender, request, ordered=ordered)
           ^^^^^^^^^^^^^^^^^^^^^^^^^^^^^^^^^^^^^^^^^^^^^^^^^^^^^^^^
  File "/mnt/Mirror/TelegramBot/TelegramMediaDownloader/venvTelegram/lib/python3.12/site-packages/telethon/client/users.py", line 72, in _call
    future = sender.send(request, ordered=ordered)
             ^^^^^^^^^^^^^^^^^^^^^^^^^^^^^^^^^^^^^
  File "/mnt/Mirror/TelegramBot/TelegramMediaDownloader/venvTelegram/lib/python3.12/site-packages/telethon/network/mtprotosender.py", line 178, in send
    raise ConnectionError('Cannot send requests while disconnected')
ConnectionError: Cannot send requests while disconnected
Unhandled exception on handler
Traceback (most recent call last):
  File "/mnt/Mirror/TelegramBot/TelegramMediaDownloader/venvTelegram/lib/python3.12/site-packages/telethon/client/updates.py", line 96, in run_until_disconnected
    return self.loop.run_until_complete(self._run_until_disconnected())
           ^^^^^^^^^^^^^^^^^^^^^^^^^^^^^^^^^^^^^^^^^^^^^^^^^^^^^^^^^^^^
  File "/usr/lib/python3.12/asyncio/base_events.py", line 674, in run_until_complete
    self.run_forever()
  File "/usr/lib/python3.12/asyncio/base_events.py", line 641, in run_forever
    self._run_once()
  File "/usr/lib/python3.12/asyncio/base_events.py", line 1987, in _run_once
    handle._run()
  File "/usr/lib/python3.12/asyncio/events.py", line 88, in _run
    self._context.run(self._callback, *self._args)
  File "/mnt/Mirror/TelegramBot/TelegramMediaDownloader/venvTelegram/lib/python3.12/site-packages/telethon/client/updates.py", line 574, in _dispatch_update
    await callback(event)
  File "/mnt/Mirror/TelegramBot/TelegramMediaDownloader/beta.py", line 398, in menu_handler
    exit()
  File "<frozen _sitebuiltins>", line 26, in __call__
SystemExit: None

During handling of the above exception, another exception occurred:

Traceback (most recent call last):
  File "/mnt/Mirror/TelegramBot/TelegramMediaDownloader/beta.py", line 63, in descargarArchivos
    await enviarMensaje(f"{file_name} ha sido iniciado como descarga")
  File "/mnt/Mirror/TelegramBot/TelegramMediaDownloader/beta.py", line 215, in enviarMensaje
    await client.send_message(chat_personal, msj)
  File "/mnt/Mirror/TelegramBot/TelegramMediaDownloader/venvTelegram/lib/python3.12/site-packages/telethon/client/messages.py", line 926, in send_message
    result = await self(request)
             ^^^^^^^^^^^^^^^^^^^
  File "/mnt/Mirror/TelegramBot/TelegramMediaDownloader/venvTelegram/lib/python3.12/site-packages/telethon/client/users.py", line 30, in __call__
    return await self._call(self._sender, request, ordered=ordered)
           ^^^^^^^^^^^^^^^^^^^^^^^^^^^^^^^^^^^^^^^^^^^^^^^^^^^^^^^^
  File "/mnt/Mirror/TelegramBot/TelegramMediaDownloader/venvTelegram/lib/python3.12/site-packages/telethon/client/users.py", line 72, in _call
    future = sender.send(request, ordered=ordered)
             ^^^^^^^^^^^^^^^^^^^^^^^^^^^^^^^^^^^^^
  File "/mnt/Mirror/TelegramBot/TelegramMediaDownloader/venvTelegram/lib/python3.12/site-packages/telethon/network/mtprotosender.py", line 178, in send
    raise ConnectionError('Cannot send requests while disconnected')
ConnectionError: Cannot send requests while disconnected

During handling of the above exception, another exception occurred:

Traceback (most recent call last):
  File "/mnt/Mirror/TelegramBot/TelegramMediaDownloader/venvTelegram/lib/python3.12/site-packages/telethon/client/updates.py", line 574, in _dispatch_update
    await callback(event)
  File "/mnt/Mirror/TelegramBot/TelegramMediaDownloader/beta.py", line 426, in handler
    await descargarArchivos(client, event, file_name)
  File "/mnt/Mirror/TelegramBot/TelegramMediaDownloader/beta.py", line 86, in descargarArchivos
    await client.send_message(chat_personal, f"No se pudo descargar {file_name} por culpa de {e}")
  File "/mnt/Mirror/TelegramBot/TelegramMediaDownloader/venvTelegram/lib/python3.12/site-packages/telethon/client/messages.py", line 926, in send_message
    result = await self(request)
             ^^^^^^^^^^^^^^^^^^^
  File "/mnt/Mirror/TelegramBot/TelegramMediaDownloader/venvTelegram/lib/python3.12/site-packages/telethon/client/users.py", line 30, in __call__
    return await self._call(self._sender, request, ordered=ordered)
           ^^^^^^^^^^^^^^^^^^^^^^^^^^^^^^^^^^^^^^^^^^^^^^^^^^^^^^^^
  File "/mnt/Mirror/TelegramBot/TelegramMediaDownloader/venvTelegram/lib/python3.12/site-packages/telethon/client/users.py", line 72, in _call
    future = sender.send(request, ordered=ordered)
             ^^^^^^^^^^^^^^^^^^^^^^^^^^^^^^^^^^^^^
  File "/mnt/Mirror/TelegramBot/TelegramMediaDownloader/venvTelegram/lib/python3.12/site-packages/telethon/network/mtprotosender.py", line 178, in send
    raise ConnectionError('Cannot send requests while disconnected')
ConnectionError: Cannot send requests while disconnected
Unhandled exception on handler
Traceback (most recent call last):
  File "/mnt/Mirror/TelegramBot/TelegramMediaDownloader/venvTelegram/lib/python3.12/site-packages/telethon/client/updates.py", line 96, in run_until_disconnected
    return self.loop.run_until_complete(self._run_until_disconnected())
           ^^^^^^^^^^^^^^^^^^^^^^^^^^^^^^^^^^^^^^^^^^^^^^^^^^^^^^^^^^^^
  File "/usr/lib/python3.12/asyncio/base_events.py", line 674, in run_until_complete
    self.run_forever()
  File "/usr/lib/python3.12/asyncio/base_events.py", line 641, in run_forever
    self._run_once()
  File "/usr/lib/python3.12/asyncio/base_events.py", line 1987, in _run_once
    handle._run()
  File "/usr/lib/python3.12/asyncio/events.py", line 88, in _run
    self._context.run(self._callback, *self._args)
  File "/mnt/Mirror/TelegramBot/TelegramMediaDownloader/venvTelegram/lib/python3.12/site-packages/telethon/client/updates.py", line 574, in _dispatch_update
    await callback(event)
  File "/mnt/Mirror/TelegramBot/TelegramMediaDownloader/beta.py", line 398, in menu_handler
    exit()
  File "<frozen _sitebuiltins>", line 26, in __call__
SystemExit: None

During handling of the above exception, another exception occurred:

Traceback (most recent call last):
  File "/mnt/Mirror/TelegramBot/TelegramMediaDownloader/beta.py", line 63, in descargarArchivos
    await enviarMensaje(f"{file_name} ha sido iniciado como descarga")
  File "/mnt/Mirror/TelegramBot/TelegramMediaDownloader/beta.py", line 215, in enviarMensaje
    await client.send_message(chat_personal, msj)
  File "/mnt/Mirror/TelegramBot/TelegramMediaDownloader/venvTelegram/lib/python3.12/site-packages/telethon/client/messages.py", line 926, in send_message
    result = await self(request)
             ^^^^^^^^^^^^^^^^^^^
  File "/mnt/Mirror/TelegramBot/TelegramMediaDownloader/venvTelegram/lib/python3.12/site-packages/telethon/client/users.py", line 30, in __call__
    return await self._call(self._sender, request, ordered=ordered)
           ^^^^^^^^^^^^^^^^^^^^^^^^^^^^^^^^^^^^^^^^^^^^^^^^^^^^^^^^
  File "/mnt/Mirror/TelegramBot/TelegramMediaDownloader/venvTelegram/lib/python3.12/site-packages/telethon/client/users.py", line 72, in _call
    future = sender.send(request, ordered=ordered)
             ^^^^^^^^^^^^^^^^^^^^^^^^^^^^^^^^^^^^^
  File "/mnt/Mirror/TelegramBot/TelegramMediaDownloader/venvTelegram/lib/python3.12/site-packages/telethon/network/mtprotosender.py", line 178, in send
    raise ConnectionError('Cannot send requests while disconnected')
ConnectionError: Cannot send requests while disconnected

During handling of the above exception, another exception occurred:

Traceback (most recent call last):
  File "/mnt/Mirror/TelegramBot/TelegramMediaDownloader/venvTelegram/lib/python3.12/site-packages/telethon/client/updates.py", line 574, in _dispatch_update
    await callback(event)
  File "/mnt/Mirror/TelegramBot/TelegramMediaDownloader/beta.py", line 426, in handler
    await descargarArchivos(client, event, file_name)
  File "/mnt/Mirror/TelegramBot/TelegramMediaDownloader/beta.py", line 86, in descargarArchivos
    await client.send_message(chat_personal, f"No se pudo descargar {file_name} por culpa de {e}")
  File "/mnt/Mirror/TelegramBot/TelegramMediaDownloader/venvTelegram/lib/python3.12/site-packages/telethon/client/messages.py", line 926, in send_message
    result = await self(request)
             ^^^^^^^^^^^^^^^^^^^
  File "/mnt/Mirror/TelegramBot/TelegramMediaDownloader/venvTelegram/lib/python3.12/site-packages/telethon/client/users.py", line 30, in __call__
    return await self._call(self._sender, request, ordered=ordered)
           ^^^^^^^^^^^^^^^^^^^^^^^^^^^^^^^^^^^^^^^^^^^^^^^^^^^^^^^^
  File "/mnt/Mirror/TelegramBot/TelegramMediaDownloader/venvTelegram/lib/python3.12/site-packages/telethon/client/users.py", line 72, in _call
    future = sender.send(request, ordered=ordered)
             ^^^^^^^^^^^^^^^^^^^^^^^^^^^^^^^^^^^^^
  File "/mnt/Mirror/TelegramBot/TelegramMediaDownloader/venvTelegram/lib/python3.12/site-packages/telethon/network/mtprotosender.py", line 178, in send
    raise ConnectionError('Cannot send requests while disconnected')
ConnectionError: Cannot send requests while disconnected
Unhandled exception on handler
Traceback (most recent call last):
  File "/mnt/Mirror/TelegramBot/TelegramMediaDownloader/venvTelegram/lib/python3.12/site-packages/telethon/client/updates.py", line 96, in run_until_disconnected
    return self.loop.run_until_complete(self._run_until_disconnected())
           ^^^^^^^^^^^^^^^^^^^^^^^^^^^^^^^^^^^^^^^^^^^^^^^^^^^^^^^^^^^^
  File "/usr/lib/python3.12/asyncio/base_events.py", line 674, in run_until_complete
    self.run_forever()
  File "/usr/lib/python3.12/asyncio/base_events.py", line 641, in run_forever
    self._run_once()
  File "/usr/lib/python3.12/asyncio/base_events.py", line 1987, in _run_once
    handle._run()
  File "/usr/lib/python3.12/asyncio/events.py", line 88, in _run
    self._context.run(self._callback, *self._args)
  File "/mnt/Mirror/TelegramBot/TelegramMediaDownloader/venvTelegram/lib/python3.12/site-packages/telethon/client/updates.py", line 574, in _dispatch_update
    await callback(event)
  File "/mnt/Mirror/TelegramBot/TelegramMediaDownloader/beta.py", line 398, in menu_handler
    exit()
  File "<frozen _sitebuiltins>", line 26, in __call__
SystemExit: None

During handling of the above exception, another exception occurred:

Traceback (most recent call last):
  File "/mnt/Mirror/TelegramBot/TelegramMediaDownloader/beta.py", line 63, in descargarArchivos
    await enviarMensaje(f"{file_name} ha sido iniciado como descarga")
  File "/mnt/Mirror/TelegramBot/TelegramMediaDownloader/beta.py", line 215, in enviarMensaje
    await client.send_message(chat_personal, msj)
  File "/mnt/Mirror/TelegramBot/TelegramMediaDownloader/venvTelegram/lib/python3.12/site-packages/telethon/client/messages.py", line 926, in send_message
    result = await self(request)
             ^^^^^^^^^^^^^^^^^^^
  File "/mnt/Mirror/TelegramBot/TelegramMediaDownloader/venvTelegram/lib/python3.12/site-packages/telethon/client/users.py", line 30, in __call__
    return await self._call(self._sender, request, ordered=ordered)
           ^^^^^^^^^^^^^^^^^^^^^^^^^^^^^^^^^^^^^^^^^^^^^^^^^^^^^^^^
  File "/mnt/Mirror/TelegramBot/TelegramMediaDownloader/venvTelegram/lib/python3.12/site-packages/telethon/client/users.py", line 72, in _call
    future = sender.send(request, ordered=ordered)
             ^^^^^^^^^^^^^^^^^^^^^^^^^^^^^^^^^^^^^
  File "/mnt/Mirror/TelegramBot/TelegramMediaDownloader/venvTelegram/lib/python3.12/site-packages/telethon/network/mtprotosender.py", line 178, in send
    raise ConnectionError('Cannot send requests while disconnected')
ConnectionError: Cannot send requests while disconnected

During handling of the above exception, another exception occurred:

Traceback (most recent call last):
  File "/mnt/Mirror/TelegramBot/TelegramMediaDownloader/venvTelegram/lib/python3.12/site-packages/telethon/client/updates.py", line 574, in _dispatch_update
    await callback(event)
  File "/mnt/Mirror/TelegramBot/TelegramMediaDownloader/beta.py", line 426, in handler
    await descargarArchivos(client, event, file_name)
  File "/mnt/Mirror/TelegramBot/TelegramMediaDownloader/beta.py", line 86, in descargarArchivos
    await client.send_message(chat_personal, f"No se pudo descargar {file_name} por culpa de {e}")
  File "/mnt/Mirror/TelegramBot/TelegramMediaDownloader/venvTelegram/lib/python3.12/site-packages/telethon/client/messages.py", line 926, in send_message
    result = await self(request)
             ^^^^^^^^^^^^^^^^^^^
  File "/mnt/Mirror/TelegramBot/TelegramMediaDownloader/venvTelegram/lib/python3.12/site-packages/telethon/client/users.py", line 30, in __call__
    return await self._call(self._sender, request, ordered=ordered)
           ^^^^^^^^^^^^^^^^^^^^^^^^^^^^^^^^^^^^^^^^^^^^^^^^^^^^^^^^
  File "/mnt/Mirror/TelegramBot/TelegramMediaDownloader/venvTelegram/lib/python3.12/site-packages/telethon/client/users.py", line 72, in _call
    future = sender.send(request, ordered=ordered)
             ^^^^^^^^^^^^^^^^^^^^^^^^^^^^^^^^^^^^^
  File "/mnt/Mirror/TelegramBot/TelegramMediaDownloader/venvTelegram/lib/python3.12/site-packages/telethon/network/mtprotosender.py", line 178, in send
    raise ConnectionError('Cannot send requests while disconnected')
ConnectionError: Cannot send requests while disconnected
Unhandled exception on handler
Traceback (most recent call last):
  File "/mnt/Mirror/TelegramBot/TelegramMediaDownloader/venvTelegram/lib/python3.12/site-packages/telethon/client/updates.py", line 96, in run_until_disconnected
    return self.loop.run_until_complete(self._run_until_disconnected())
           ^^^^^^^^^^^^^^^^^^^^^^^^^^^^^^^^^^^^^^^^^^^^^^^^^^^^^^^^^^^^
  File "/usr/lib/python3.12/asyncio/base_events.py", line 674, in run_until_complete
    self.run_forever()
  File "/usr/lib/python3.12/asyncio/base_events.py", line 641, in run_forever
    self._run_once()
  File "/usr/lib/python3.12/asyncio/base_events.py", line 1987, in _run_once
    handle._run()
  File "/usr/lib/python3.12/asyncio/events.py", line 88, in _run
    self._context.run(self._callback, *self._args)
  File "/mnt/Mirror/TelegramBot/TelegramMediaDownloader/venvTelegram/lib/python3.12/site-packages/telethon/client/updates.py", line 574, in _dispatch_update
    await callback(event)
  File "/mnt/Mirror/TelegramBot/TelegramMediaDownloader/beta.py", line 398, in menu_handler
    exit()
  File "<frozen _sitebuiltins>", line 26, in __call__
SystemExit: None

During handling of the above exception, another exception occurred:

Traceback (most recent call last):
  File "/mnt/Mirror/TelegramBot/TelegramMediaDownloader/beta.py", line 63, in descargarArchivos
    await enviarMensaje(f"{file_name} ha sido iniciado como descarga")
  File "/mnt/Mirror/TelegramBot/TelegramMediaDownloader/beta.py", line 215, in enviarMensaje
    await client.send_message(chat_personal, msj)
  File "/mnt/Mirror/TelegramBot/TelegramMediaDownloader/venvTelegram/lib/python3.12/site-packages/telethon/client/messages.py", line 926, in send_message
    result = await self(request)
             ^^^^^^^^^^^^^^^^^^^
  File "/mnt/Mirror/TelegramBot/TelegramMediaDownloader/venvTelegram/lib/python3.12/site-packages/telethon/client/users.py", line 30, in __call__
    return await self._call(self._sender, request, ordered=ordered)
           ^^^^^^^^^^^^^^^^^^^^^^^^^^^^^^^^^^^^^^^^^^^^^^^^^^^^^^^^
  File "/mnt/Mirror/TelegramBot/TelegramMediaDownloader/venvTelegram/lib/python3.12/site-packages/telethon/client/users.py", line 72, in _call
    future = sender.send(request, ordered=ordered)
             ^^^^^^^^^^^^^^^^^^^^^^^^^^^^^^^^^^^^^
  File "/mnt/Mirror/TelegramBot/TelegramMediaDownloader/venvTelegram/lib/python3.12/site-packages/telethon/network/mtprotosender.py", line 178, in send
    raise ConnectionError('Cannot send requests while disconnected')
ConnectionError: Cannot send requests while disconnected

During handling of the above exception, another exception occurred:

Traceback (most recent call last):
  File "/mnt/Mirror/TelegramBot/TelegramMediaDownloader/venvTelegram/lib/python3.12/site-packages/telethon/client/updates.py", line 574, in _dispatch_update
    await callback(event)
  File "/mnt/Mirror/TelegramBot/TelegramMediaDownloader/beta.py", line 426, in handler
    await descargarArchivos(client, event, file_name)
  File "/mnt/Mirror/TelegramBot/TelegramMediaDownloader/beta.py", line 86, in descargarArchivos
    await client.send_message(chat_personal, f"No se pudo descargar {file_name} por culpa de {e}")
  File "/mnt/Mirror/TelegramBot/TelegramMediaDownloader/venvTelegram/lib/python3.12/site-packages/telethon/client/messages.py", line 926, in send_message
    result = await self(request)
             ^^^^^^^^^^^^^^^^^^^
  File "/mnt/Mirror/TelegramBot/TelegramMediaDownloader/venvTelegram/lib/python3.12/site-packages/telethon/client/users.py", line 30, in __call__
    return await self._call(self._sender, request, ordered=ordered)
           ^^^^^^^^^^^^^^^^^^^^^^^^^^^^^^^^^^^^^^^^^^^^^^^^^^^^^^^^
  File "/mnt/Mirror/TelegramBot/TelegramMediaDownloader/venvTelegram/lib/python3.12/site-packages/telethon/client/users.py", line 72, in _call
    future = sender.send(request, ordered=ordered)
             ^^^^^^^^^^^^^^^^^^^^^^^^^^^^^^^^^^^^^
  File "/mnt/Mirror/TelegramBot/TelegramMediaDownloader/venvTelegram/lib/python3.12/site-packages/telethon/network/mtprotosender.py", line 178, in send
    raise ConnectionError('Cannot send requests while disconnected')
ConnectionError: Cannot send requests while disconnected
Unhandled exception on handler
Traceback (most recent call last):
  File "/mnt/Mirror/TelegramBot/TelegramMediaDownloader/venvTelegram/lib/python3.12/site-packages/telethon/client/updates.py", line 96, in run_until_disconnected
    return self.loop.run_until_complete(self._run_until_disconnected())
           ^^^^^^^^^^^^^^^^^^^^^^^^^^^^^^^^^^^^^^^^^^^^^^^^^^^^^^^^^^^^
  File "/usr/lib/python3.12/asyncio/base_events.py", line 674, in run_until_complete
    self.run_forever()
  File "/usr/lib/python3.12/asyncio/base_events.py", line 641, in run_forever
    self._run_once()
  File "/usr/lib/python3.12/asyncio/base_events.py", line 1987, in _run_once
    handle._run()
  File "/usr/lib/python3.12/asyncio/events.py", line 88, in _run
    self._context.run(self._callback, *self._args)
  File "/mnt/Mirror/TelegramBot/TelegramMediaDownloader/venvTelegram/lib/python3.12/site-packages/telethon/client/updates.py", line 574, in _dispatch_update
    await callback(event)
  File "/mnt/Mirror/TelegramBot/TelegramMediaDownloader/beta.py", line 398, in menu_handler
    exit()
  File "<frozen _sitebuiltins>", line 26, in __call__
SystemExit: None

During handling of the above exception, another exception occurred:

Traceback (most recent call last):
  File "/mnt/Mirror/TelegramBot/TelegramMediaDownloader/beta.py", line 63, in descargarArchivos
    await enviarMensaje(f"{file_name} ha sido iniciado como descarga")
  File "/mnt/Mirror/TelegramBot/TelegramMediaDownloader/beta.py", line 215, in enviarMensaje
    await client.send_message(chat_personal, msj)
  File "/mnt/Mirror/TelegramBot/TelegramMediaDownloader/venvTelegram/lib/python3.12/site-packages/telethon/client/messages.py", line 926, in send_message
    result = await self(request)
             ^^^^^^^^^^^^^^^^^^^
  File "/mnt/Mirror/TelegramBot/TelegramMediaDownloader/venvTelegram/lib/python3.12/site-packages/telethon/client/users.py", line 30, in __call__
    return await self._call(self._sender, request, ordered=ordered)
           ^^^^^^^^^^^^^^^^^^^^^^^^^^^^^^^^^^^^^^^^^^^^^^^^^^^^^^^^
  File "/mnt/Mirror/TelegramBot/TelegramMediaDownloader/venvTelegram/lib/python3.12/site-packages/telethon/client/users.py", line 72, in _call
    future = sender.send(request, ordered=ordered)
             ^^^^^^^^^^^^^^^^^^^^^^^^^^^^^^^^^^^^^
  File "/mnt/Mirror/TelegramBot/TelegramMediaDownloader/venvTelegram/lib/python3.12/site-packages/telethon/network/mtprotosender.py", line 178, in send
    raise ConnectionError('Cannot send requests while disconnected')
ConnectionError: Cannot send requests while disconnected

During handling of the above exception, another exception occurred:

Traceback (most recent call last):
  File "/mnt/Mirror/TelegramBot/TelegramMediaDownloader/venvTelegram/lib/python3.12/site-packages/telethon/client/updates.py", line 574, in _dispatch_update
    await callback(event)
  File "/mnt/Mirror/TelegramBot/TelegramMediaDownloader/beta.py", line 426, in handler
    await descargarArchivos(client, event, file_name)
  File "/mnt/Mirror/TelegramBot/TelegramMediaDownloader/beta.py", line 86, in descargarArchivos
    await client.send_message(chat_personal, f"No se pudo descargar {file_name} por culpa de {e}")
  File "/mnt/Mirror/TelegramBot/TelegramMediaDownloader/venvTelegram/lib/python3.12/site-packages/telethon/client/messages.py", line 926, in send_message
    result = await self(request)
             ^^^^^^^^^^^^^^^^^^^
  File "/mnt/Mirror/TelegramBot/TelegramMediaDownloader/venvTelegram/lib/python3.12/site-packages/telethon/client/users.py", line 30, in __call__
    return await self._call(self._sender, request, ordered=ordered)
           ^^^^^^^^^^^^^^^^^^^^^^^^^^^^^^^^^^^^^^^^^^^^^^^^^^^^^^^^
  File "/mnt/Mirror/TelegramBot/TelegramMediaDownloader/venvTelegram/lib/python3.12/site-packages/telethon/client/users.py", line 72, in _call
    future = sender.send(request, ordered=ordered)
             ^^^^^^^^^^^^^^^^^^^^^^^^^^^^^^^^^^^^^
  File "/mnt/Mirror/TelegramBot/TelegramMediaDownloader/venvTelegram/lib/python3.12/site-packages/telethon/network/mtprotosender.py", line 178, in send
    raise ConnectionError('Cannot send requests while disconnected')
ConnectionError: Cannot send requests while disconnected
Unhandled exception on handler
Traceback (most recent call last):
  File "/mnt/Mirror/TelegramBot/TelegramMediaDownloader/venvTelegram/lib/python3.12/site-packages/telethon/client/updates.py", line 96, in run_until_disconnected
    return self.loop.run_until_complete(self._run_until_disconnected())
           ^^^^^^^^^^^^^^^^^^^^^^^^^^^^^^^^^^^^^^^^^^^^^^^^^^^^^^^^^^^^
  File "/usr/lib/python3.12/asyncio/base_events.py", line 674, in run_until_complete
    self.run_forever()
  File "/usr/lib/python3.12/asyncio/base_events.py", line 641, in run_forever
    self._run_once()
  File "/usr/lib/python3.12/asyncio/base_events.py", line 1987, in _run_once
    handle._run()
  File "/usr/lib/python3.12/asyncio/events.py", line 88, in _run
    self._context.run(self._callback, *self._args)
  File "/mnt/Mirror/TelegramBot/TelegramMediaDownloader/venvTelegram/lib/python3.12/site-packages/telethon/client/updates.py", line 574, in _dispatch_update
    await callback(event)
  File "/mnt/Mirror/TelegramBot/TelegramMediaDownloader/beta.py", line 398, in menu_handler
    exit()
  File "<frozen _sitebuiltins>", line 26, in __call__
SystemExit: None

During handling of the above exception, another exception occurred:

Traceback (most recent call last):
  File "/mnt/Mirror/TelegramBot/TelegramMediaDownloader/beta.py", line 63, in descargarArchivos
    await enviarMensaje(f"{file_name} ha sido iniciado como descarga")
  File "/mnt/Mirror/TelegramBot/TelegramMediaDownloader/beta.py", line 215, in enviarMensaje
    await client.send_message(chat_personal, msj)
  File "/mnt/Mirror/TelegramBot/TelegramMediaDownloader/venvTelegram/lib/python3.12/site-packages/telethon/client/messages.py", line 926, in send_message
    result = await self(request)
             ^^^^^^^^^^^^^^^^^^^
  File "/mnt/Mirror/TelegramBot/TelegramMediaDownloader/venvTelegram/lib/python3.12/site-packages/telethon/client/users.py", line 30, in __call__
    return await self._call(self._sender, request, ordered=ordered)
           ^^^^^^^^^^^^^^^^^^^^^^^^^^^^^^^^^^^^^^^^^^^^^^^^^^^^^^^^
  File "/mnt/Mirror/TelegramBot/TelegramMediaDownloader/venvTelegram/lib/python3.12/site-packages/telethon/client/users.py", line 72, in _call
    future = sender.send(request, ordered=ordered)
             ^^^^^^^^^^^^^^^^^^^^^^^^^^^^^^^^^^^^^
  File "/mnt/Mirror/TelegramBot/TelegramMediaDownloader/venvTelegram/lib/python3.12/site-packages/telethon/network/mtprotosender.py", line 178, in send
    raise ConnectionError('Cannot send requests while disconnected')
ConnectionError: Cannot send requests while disconnected

During handling of the above exception, another exception occurred:

Traceback (most recent call last):
  File "/mnt/Mirror/TelegramBot/TelegramMediaDownloader/venvTelegram/lib/python3.12/site-packages/telethon/client/updates.py", line 574, in _dispatch_update
    await callback(event)
  File "/mnt/Mirror/TelegramBot/TelegramMediaDownloader/beta.py", line 426, in handler
    await descargarArchivos(client, event, file_name)
  File "/mnt/Mirror/TelegramBot/TelegramMediaDownloader/beta.py", line 86, in descargarArchivos
    await client.send_message(chat_personal, f"No se pudo descargar {file_name} por culpa de {e}")
  File "/mnt/Mirror/TelegramBot/TelegramMediaDownloader/venvTelegram/lib/python3.12/site-packages/telethon/client/messages.py", line 926, in send_message
    result = await self(request)
             ^^^^^^^^^^^^^^^^^^^
  File "/mnt/Mirror/TelegramBot/TelegramMediaDownloader/venvTelegram/lib/python3.12/site-packages/telethon/client/users.py", line 30, in __call__
    return await self._call(self._sender, request, ordered=ordered)
           ^^^^^^^^^^^^^^^^^^^^^^^^^^^^^^^^^^^^^^^^^^^^^^^^^^^^^^^^
  File "/mnt/Mirror/TelegramBot/TelegramMediaDownloader/venvTelegram/lib/python3.12/site-packages/telethon/client/users.py", line 72, in _call
    future = sender.send(request, ordered=ordered)
             ^^^^^^^^^^^^^^^^^^^^^^^^^^^^^^^^^^^^^
  File "/mnt/Mirror/TelegramBot/TelegramMediaDownloader/venvTelegram/lib/python3.12/site-packages/telethon/network/mtprotosender.py", line 178, in send
    raise ConnectionError('Cannot send requests while disconnected')
ConnectionError: Cannot send requests while disconnected
Unhandled exception on handler
Traceback (most recent call last):
  File "/mnt/Mirror/TelegramBot/TelegramMediaDownloader/venvTelegram/lib/python3.12/site-packages/telethon/client/updates.py", line 96, in run_until_disconnected
    return self.loop.run_until_complete(self._run_until_disconnected())
           ^^^^^^^^^^^^^^^^^^^^^^^^^^^^^^^^^^^^^^^^^^^^^^^^^^^^^^^^^^^^
  File "/usr/lib/python3.12/asyncio/base_events.py", line 674, in run_until_complete
    self.run_forever()
  File "/usr/lib/python3.12/asyncio/base_events.py", line 641, in run_forever
    self._run_once()
  File "/usr/lib/python3.12/asyncio/base_events.py", line 1987, in _run_once
    handle._run()
  File "/usr/lib/python3.12/asyncio/events.py", line 88, in _run
    self._context.run(self._callback, *self._args)
  File "/mnt/Mirror/TelegramBot/TelegramMediaDownloader/venvTelegram/lib/python3.12/site-packages/telethon/client/updates.py", line 574, in _dispatch_update
    await callback(event)
  File "/mnt/Mirror/TelegramBot/TelegramMediaDownloader/beta.py", line 398, in menu_handler
    exit()
  File "<frozen _sitebuiltins>", line 26, in __call__
SystemExit: None

During handling of the above exception, another exception occurred:

Traceback (most recent call last):
  File "/mnt/Mirror/TelegramBot/TelegramMediaDownloader/beta.py", line 63, in descargarArchivos
    await enviarMensaje(f"{file_name} ha sido iniciado como descarga")
  File "/mnt/Mirror/TelegramBot/TelegramMediaDownloader/beta.py", line 215, in enviarMensaje
    await client.send_message(chat_personal, msj)
  File "/mnt/Mirror/TelegramBot/TelegramMediaDownloader/venvTelegram/lib/python3.12/site-packages/telethon/client/messages.py", line 926, in send_message
    result = await self(request)
             ^^^^^^^^^^^^^^^^^^^
  File "/mnt/Mirror/TelegramBot/TelegramMediaDownloader/venvTelegram/lib/python3.12/site-packages/telethon/client/users.py", line 30, in __call__
    return await self._call(self._sender, request, ordered=ordered)
           ^^^^^^^^^^^^^^^^^^^^^^^^^^^^^^^^^^^^^^^^^^^^^^^^^^^^^^^^
  File "/mnt/Mirror/TelegramBot/TelegramMediaDownloader/venvTelegram/lib/python3.12/site-packages/telethon/client/users.py", line 72, in _call
    future = sender.send(request, ordered=ordered)
             ^^^^^^^^^^^^^^^^^^^^^^^^^^^^^^^^^^^^^
  File "/mnt/Mirror/TelegramBot/TelegramMediaDownloader/venvTelegram/lib/python3.12/site-packages/telethon/network/mtprotosender.py", line 178, in send
    raise ConnectionError('Cannot send requests while disconnected')
ConnectionError: Cannot send requests while disconnected

During handling of the above exception, another exception occurred:

Traceback (most recent call last):
  File "/mnt/Mirror/TelegramBot/TelegramMediaDownloader/venvTelegram/lib/python3.12/site-packages/telethon/client/updates.py", line 574, in _dispatch_update
    await callback(event)
  File "/mnt/Mirror/TelegramBot/TelegramMediaDownloader/beta.py", line 426, in handler
    await descargarArchivos(client, event, file_name)
  File "/mnt/Mirror/TelegramBot/TelegramMediaDownloader/beta.py", line 86, in descargarArchivos
    await client.send_message(chat_personal, f"No se pudo descargar {file_name} por culpa de {e}")
  File "/mnt/Mirror/TelegramBot/TelegramMediaDownloader/venvTelegram/lib/python3.12/site-packages/telethon/client/messages.py", line 926, in send_message
    result = await self(request)
             ^^^^^^^^^^^^^^^^^^^
  File "/mnt/Mirror/TelegramBot/TelegramMediaDownloader/venvTelegram/lib/python3.12/site-packages/telethon/client/users.py", line 30, in __call__
    return await self._call(self._sender, request, ordered=ordered)
           ^^^^^^^^^^^^^^^^^^^^^^^^^^^^^^^^^^^^^^^^^^^^^^^^^^^^^^^^
  File "/mnt/Mirror/TelegramBot/TelegramMediaDownloader/venvTelegram/lib/python3.12/site-packages/telethon/client/users.py", line 72, in _call
    future = sender.send(request, ordered=ordered)
             ^^^^^^^^^^^^^^^^^^^^^^^^^^^^^^^^^^^^^
  File "/mnt/Mirror/TelegramBot/TelegramMediaDownloader/venvTelegram/lib/python3.12/site-packages/telethon/network/mtprotosender.py", line 178, in send
    raise ConnectionError('Cannot send requests while disconnected')
ConnectionError: Cannot send requests while disconnected
Unhandled exception on handler
Traceback (most recent call last):
  File "/mnt/Mirror/TelegramBot/TelegramMediaDownloader/venvTelegram/lib/python3.12/site-packages/telethon/client/updates.py", line 96, in run_until_disconnected
    return self.loop.run_until_complete(self._run_until_disconnected())
           ^^^^^^^^^^^^^^^^^^^^^^^^^^^^^^^^^^^^^^^^^^^^^^^^^^^^^^^^^^^^
  File "/usr/lib/python3.12/asyncio/base_events.py", line 674, in run_until_complete
    self.run_forever()
  File "/usr/lib/python3.12/asyncio/base_events.py", line 641, in run_forever
    self._run_once()
  File "/usr/lib/python3.12/asyncio/base_events.py", line 1987, in _run_once
    handle._run()
  File "/usr/lib/python3.12/asyncio/events.py", line 88, in _run
    self._context.run(self._callback, *self._args)
  File "/mnt/Mirror/TelegramBot/TelegramMediaDownloader/venvTelegram/lib/python3.12/site-packages/telethon/client/updates.py", line 574, in _dispatch_update
    await callback(event)
  File "/mnt/Mirror/TelegramBot/TelegramMediaDownloader/beta.py", line 398, in menu_handler
    exit()
  File "<frozen _sitebuiltins>", line 26, in __call__
SystemExit: None

During handling of the above exception, another exception occurred:

Traceback (most recent call last):
  File "/mnt/Mirror/TelegramBot/TelegramMediaDownloader/beta.py", line 63, in descargarArchivos
    await enviarMensaje(f"{file_name} ha sido iniciado como descarga")
  File "/mnt/Mirror/TelegramBot/TelegramMediaDownloader/beta.py", line 215, in enviarMensaje
    await client.send_message(chat_personal, msj)
  File "/mnt/Mirror/TelegramBot/TelegramMediaDownloader/venvTelegram/lib/python3.12/site-packages/telethon/client/messages.py", line 926, in send_message
    result = await self(request)
             ^^^^^^^^^^^^^^^^^^^
  File "/mnt/Mirror/TelegramBot/TelegramMediaDownloader/venvTelegram/lib/python3.12/site-packages/telethon/client/users.py", line 30, in __call__
    return await self._call(self._sender, request, ordered=ordered)
           ^^^^^^^^^^^^^^^^^^^^^^^^^^^^^^^^^^^^^^^^^^^^^^^^^^^^^^^^
  File "/mnt/Mirror/TelegramBot/TelegramMediaDownloader/venvTelegram/lib/python3.12/site-packages/telethon/client/users.py", line 72, in _call
    future = sender.send(request, ordered=ordered)
             ^^^^^^^^^^^^^^^^^^^^^^^^^^^^^^^^^^^^^
  File "/mnt/Mirror/TelegramBot/TelegramMediaDownloader/venvTelegram/lib/python3.12/site-packages/telethon/network/mtprotosender.py", line 178, in send
    raise ConnectionError('Cannot send requests while disconnected')
ConnectionError: Cannot send requests while disconnected

During handling of the above exception, another exception occurred:

Traceback (most recent call last):
  File "/mnt/Mirror/TelegramBot/TelegramMediaDownloader/venvTelegram/lib/python3.12/site-packages/telethon/client/updates.py", line 574, in _dispatch_update
    await callback(event)
  File "/mnt/Mirror/TelegramBot/TelegramMediaDownloader/beta.py", line 426, in handler
    await descargarArchivos(client, event, file_name)
  File "/mnt/Mirror/TelegramBot/TelegramMediaDownloader/beta.py", line 86, in descargarArchivos
    await client.send_message(chat_personal, f"No se pudo descargar {file_name} por culpa de {e}")
  File "/mnt/Mirror/TelegramBot/TelegramMediaDownloader/venvTelegram/lib/python3.12/site-packages/telethon/client/messages.py", line 926, in send_message
    result = await self(request)
             ^^^^^^^^^^^^^^^^^^^
  File "/mnt/Mirror/TelegramBot/TelegramMediaDownloader/venvTelegram/lib/python3.12/site-packages/telethon/client/users.py", line 30, in __call__
    return await self._call(self._sender, request, ordered=ordered)
           ^^^^^^^^^^^^^^^^^^^^^^^^^^^^^^^^^^^^^^^^^^^^^^^^^^^^^^^^
  File "/mnt/Mirror/TelegramBot/TelegramMediaDownloader/venvTelegram/lib/python3.12/site-packages/telethon/client/users.py", line 72, in _call
    future = sender.send(request, ordered=ordered)
             ^^^^^^^^^^^^^^^^^^^^^^^^^^^^^^^^^^^^^
  File "/mnt/Mirror/TelegramBot/TelegramMediaDownloader/venvTelegram/lib/python3.12/site-packages/telethon/network/mtprotosender.py", line 178, in send
    raise ConnectionError('Cannot send requests while disconnected')
ConnectionError: Cannot send requests while disconnected
Unhandled exception on handler
Traceback (most recent call last):
  File "/mnt/Mirror/TelegramBot/TelegramMediaDownloader/venvTelegram/lib/python3.12/site-packages/telethon/client/updates.py", line 96, in run_until_disconnected
    return self.loop.run_until_complete(self._run_until_disconnected())
           ^^^^^^^^^^^^^^^^^^^^^^^^^^^^^^^^^^^^^^^^^^^^^^^^^^^^^^^^^^^^
  File "/usr/lib/python3.12/asyncio/base_events.py", line 674, in run_until_complete
    self.run_forever()
  File "/usr/lib/python3.12/asyncio/base_events.py", line 641, in run_forever
    self._run_once()
  File "/usr/lib/python3.12/asyncio/base_events.py", line 1987, in _run_once
    handle._run()
  File "/usr/lib/python3.12/asyncio/events.py", line 88, in _run
    self._context.run(self._callback, *self._args)
  File "/mnt/Mirror/TelegramBot/TelegramMediaDownloader/venvTelegram/lib/python3.12/site-packages/telethon/client/updates.py", line 574, in _dispatch_update
    await callback(event)
  File "/mnt/Mirror/TelegramBot/TelegramMediaDownloader/beta.py", line 398, in menu_handler
    exit()
  File "<frozen _sitebuiltins>", line 26, in __call__
SystemExit: None

During handling of the above exception, another exception occurred:

Traceback (most recent call last):
  File "/mnt/Mirror/TelegramBot/TelegramMediaDownloader/beta.py", line 63, in descargarArchivos
    await enviarMensaje(f"{file_name} ha sido iniciado como descarga")
  File "/mnt/Mirror/TelegramBot/TelegramMediaDownloader/beta.py", line 215, in enviarMensaje
    await client.send_message(chat_personal, msj)
  File "/mnt/Mirror/TelegramBot/TelegramMediaDownloader/venvTelegram/lib/python3.12/site-packages/telethon/client/messages.py", line 926, in send_message
    result = await self(request)
             ^^^^^^^^^^^^^^^^^^^
  File "/mnt/Mirror/TelegramBot/TelegramMediaDownloader/venvTelegram/lib/python3.12/site-packages/telethon/client/users.py", line 30, in __call__
    return await self._call(self._sender, request, ordered=ordered)
           ^^^^^^^^^^^^^^^^^^^^^^^^^^^^^^^^^^^^^^^^^^^^^^^^^^^^^^^^
  File "/mnt/Mirror/TelegramBot/TelegramMediaDownloader/venvTelegram/lib/python3.12/site-packages/telethon/client/users.py", line 72, in _call
    future = sender.send(request, ordered=ordered)
             ^^^^^^^^^^^^^^^^^^^^^^^^^^^^^^^^^^^^^
  File "/mnt/Mirror/TelegramBot/TelegramMediaDownloader/venvTelegram/lib/python3.12/site-packages/telethon/network/mtprotosender.py", line 178, in send
    raise ConnectionError('Cannot send requests while disconnected')
ConnectionError: Cannot send requests while disconnected

During handling of the above exception, another exception occurred:

Traceback (most recent call last):
  File "/mnt/Mirror/TelegramBot/TelegramMediaDownloader/venvTelegram/lib/python3.12/site-packages/telethon/client/updates.py", line 574, in _dispatch_update
    await callback(event)
  File "/mnt/Mirror/TelegramBot/TelegramMediaDownloader/beta.py", line 426, in handler
    await descargarArchivos(client, event, file_name)
  File "/mnt/Mirror/TelegramBot/TelegramMediaDownloader/beta.py", line 86, in descargarArchivos
    await client.send_message(chat_personal, f"No se pudo descargar {file_name} por culpa de {e}")
  File "/mnt/Mirror/TelegramBot/TelegramMediaDownloader/venvTelegram/lib/python3.12/site-packages/telethon/client/messages.py", line 926, in send_message
    result = await self(request)
             ^^^^^^^^^^^^^^^^^^^
  File "/mnt/Mirror/TelegramBot/TelegramMediaDownloader/venvTelegram/lib/python3.12/site-packages/telethon/client/users.py", line 30, in __call__
    return await self._call(self._sender, request, ordered=ordered)
           ^^^^^^^^^^^^^^^^^^^^^^^^^^^^^^^^^^^^^^^^^^^^^^^^^^^^^^^^
  File "/mnt/Mirror/TelegramBot/TelegramMediaDownloader/venvTelegram/lib/python3.12/site-packages/telethon/client/users.py", line 72, in _call
    future = sender.send(request, ordered=ordered)
             ^^^^^^^^^^^^^^^^^^^^^^^^^^^^^^^^^^^^^
  File "/mnt/Mirror/TelegramBot/TelegramMediaDownloader/venvTelegram/lib/python3.12/site-packages/telethon/network/mtprotosender.py", line 178, in send
    raise ConnectionError('Cannot send requests while disconnected')
ConnectionError: Cannot send requests while disconnected
Unhandled exception on handler
Traceback (most recent call last):
  File "/mnt/Mirror/TelegramBot/TelegramMediaDownloader/venvTelegram/lib/python3.12/site-packages/telethon/client/updates.py", line 96, in run_until_disconnected
    return self.loop.run_until_complete(self._run_until_disconnected())
           ^^^^^^^^^^^^^^^^^^^^^^^^^^^^^^^^^^^^^^^^^^^^^^^^^^^^^^^^^^^^
  File "/usr/lib/python3.12/asyncio/base_events.py", line 674, in run_until_complete
    self.run_forever()
  File "/usr/lib/python3.12/asyncio/base_events.py", line 641, in run_forever
    self._run_once()
  File "/usr/lib/python3.12/asyncio/base_events.py", line 1987, in _run_once
    handle._run()
  File "/usr/lib/python3.12/asyncio/events.py", line 88, in _run
    self._context.run(self._callback, *self._args)
  File "/mnt/Mirror/TelegramBot/TelegramMediaDownloader/venvTelegram/lib/python3.12/site-packages/telethon/client/updates.py", line 574, in _dispatch_update
    await callback(event)
  File "/mnt/Mirror/TelegramBot/TelegramMediaDownloader/beta.py", line 398, in menu_handler
    exit()
  File "<frozen _sitebuiltins>", line 26, in __call__
SystemExit: None

During handling of the above exception, another exception occurred:

Traceback (most recent call last):
  File "/mnt/Mirror/TelegramBot/TelegramMediaDownloader/beta.py", line 63, in descargarArchivos
    await enviarMensaje(f"{file_name} ha sido iniciado como descarga")
  File "/mnt/Mirror/TelegramBot/TelegramMediaDownloader/beta.py", line 215, in enviarMensaje
    await client.send_message(chat_personal, msj)
  File "/mnt/Mirror/TelegramBot/TelegramMediaDownloader/venvTelegram/lib/python3.12/site-packages/telethon/client/messages.py", line 926, in send_message
    result = await self(request)
             ^^^^^^^^^^^^^^^^^^^
  File "/mnt/Mirror/TelegramBot/TelegramMediaDownloader/venvTelegram/lib/python3.12/site-packages/telethon/client/users.py", line 30, in __call__
    return await self._call(self._sender, request, ordered=ordered)
           ^^^^^^^^^^^^^^^^^^^^^^^^^^^^^^^^^^^^^^^^^^^^^^^^^^^^^^^^
  File "/mnt/Mirror/TelegramBot/TelegramMediaDownloader/venvTelegram/lib/python3.12/site-packages/telethon/client/users.py", line 72, in _call
    future = sender.send(request, ordered=ordered)
             ^^^^^^^^^^^^^^^^^^^^^^^^^^^^^^^^^^^^^
  File "/mnt/Mirror/TelegramBot/TelegramMediaDownloader/venvTelegram/lib/python3.12/site-packages/telethon/network/mtprotosender.py", line 178, in send
    raise ConnectionError('Cannot send requests while disconnected')
ConnectionError: Cannot send requests while disconnected

During handling of the above exception, another exception occurred:

Traceback (most recent call last):
  File "/mnt/Mirror/TelegramBot/TelegramMediaDownloader/venvTelegram/lib/python3.12/site-packages/telethon/client/updates.py", line 574, in _dispatch_update
    await callback(event)
  File "/mnt/Mirror/TelegramBot/TelegramMediaDownloader/beta.py", line 426, in handler
    await descargarArchivos(client, event, file_name)
  File "/mnt/Mirror/TelegramBot/TelegramMediaDownloader/beta.py", line 86, in descargarArchivos
    await client.send_message(chat_personal, f"No se pudo descargar {file_name} por culpa de {e}")
  File "/mnt/Mirror/TelegramBot/TelegramMediaDownloader/venvTelegram/lib/python3.12/site-packages/telethon/client/messages.py", line 926, in send_message
    result = await self(request)
             ^^^^^^^^^^^^^^^^^^^
  File "/mnt/Mirror/TelegramBot/TelegramMediaDownloader/venvTelegram/lib/python3.12/site-packages/telethon/client/users.py", line 30, in __call__
    return await self._call(self._sender, request, ordered=ordered)
           ^^^^^^^^^^^^^^^^^^^^^^^^^^^^^^^^^^^^^^^^^^^^^^^^^^^^^^^^
  File "/mnt/Mirror/TelegramBot/TelegramMediaDownloader/venvTelegram/lib/python3.12/site-packages/telethon/client/users.py", line 72, in _call
    future = sender.send(request, ordered=ordered)
             ^^^^^^^^^^^^^^^^^^^^^^^^^^^^^^^^^^^^^
  File "/mnt/Mirror/TelegramBot/TelegramMediaDownloader/venvTelegram/lib/python3.12/site-packages/telethon/network/mtprotosender.py", line 178, in send
    raise ConnectionError('Cannot send requests while disconnected')
ConnectionError: Cannot send requests while disconnected
Unhandled exception on handler
Traceback (most recent call last):
  File "/mnt/Mirror/TelegramBot/TelegramMediaDownloader/venvTelegram/lib/python3.12/site-packages/telethon/client/updates.py", line 96, in run_until_disconnected
    return self.loop.run_until_complete(self._run_until_disconnected())
           ^^^^^^^^^^^^^^^^^^^^^^^^^^^^^^^^^^^^^^^^^^^^^^^^^^^^^^^^^^^^
  File "/usr/lib/python3.12/asyncio/base_events.py", line 674, in run_until_complete
    self.run_forever()
  File "/usr/lib/python3.12/asyncio/base_events.py", line 641, in run_forever
    self._run_once()
  File "/usr/lib/python3.12/asyncio/base_events.py", line 1987, in _run_once
    handle._run()
  File "/usr/lib/python3.12/asyncio/events.py", line 88, in _run
    self._context.run(self._callback, *self._args)
  File "/mnt/Mirror/TelegramBot/TelegramMediaDownloader/venvTelegram/lib/python3.12/site-packages/telethon/client/updates.py", line 574, in _dispatch_update
    await callback(event)
  File "/mnt/Mirror/TelegramBot/TelegramMediaDownloader/beta.py", line 398, in menu_handler
    exit()
  File "<frozen _sitebuiltins>", line 26, in __call__
SystemExit: None

During handling of the above exception, another exception occurred:

Traceback (most recent call last):
  File "/mnt/Mirror/TelegramBot/TelegramMediaDownloader/beta.py", line 63, in descargarArchivos
    await enviarMensaje(f"{file_name} ha sido iniciado como descarga")
  File "/mnt/Mirror/TelegramBot/TelegramMediaDownloader/beta.py", line 215, in enviarMensaje
    await client.send_message(chat_personal, msj)
  File "/mnt/Mirror/TelegramBot/TelegramMediaDownloader/venvTelegram/lib/python3.12/site-packages/telethon/client/messages.py", line 926, in send_message
    result = await self(request)
             ^^^^^^^^^^^^^^^^^^^
  File "/mnt/Mirror/TelegramBot/TelegramMediaDownloader/venvTelegram/lib/python3.12/site-packages/telethon/client/users.py", line 30, in __call__
    return await self._call(self._sender, request, ordered=ordered)
           ^^^^^^^^^^^^^^^^^^^^^^^^^^^^^^^^^^^^^^^^^^^^^^^^^^^^^^^^
  File "/mnt/Mirror/TelegramBot/TelegramMediaDownloader/venvTelegram/lib/python3.12/site-packages/telethon/client/users.py", line 72, in _call
    future = sender.send(request, ordered=ordered)
             ^^^^^^^^^^^^^^^^^^^^^^^^^^^^^^^^^^^^^
  File "/mnt/Mirror/TelegramBot/TelegramMediaDownloader/venvTelegram/lib/python3.12/site-packages/telethon/network/mtprotosender.py", line 178, in send
    raise ConnectionError('Cannot send requests while disconnected')
ConnectionError: Cannot send requests while disconnected

During handling of the above exception, another exception occurred:

Traceback (most recent call last):
  File "/mnt/Mirror/TelegramBot/TelegramMediaDownloader/venvTelegram/lib/python3.12/site-packages/telethon/client/updates.py", line 574, in _dispatch_update
    await callback(event)
  File "/mnt/Mirror/TelegramBot/TelegramMediaDownloader/beta.py", line 426, in handler
    await descargarArchivos(client, event, file_name)
  File "/mnt/Mirror/TelegramBot/TelegramMediaDownloader/beta.py", line 86, in descargarArchivos
    await client.send_message(chat_personal, f"No se pudo descargar {file_name} por culpa de {e}")
  File "/mnt/Mirror/TelegramBot/TelegramMediaDownloader/venvTelegram/lib/python3.12/site-packages/telethon/client/messages.py", line 926, in send_message
    result = await self(request)
             ^^^^^^^^^^^^^^^^^^^
  File "/mnt/Mirror/TelegramBot/TelegramMediaDownloader/venvTelegram/lib/python3.12/site-packages/telethon/client/users.py", line 30, in __call__
    return await self._call(self._sender, request, ordered=ordered)
           ^^^^^^^^^^^^^^^^^^^^^^^^^^^^^^^^^^^^^^^^^^^^^^^^^^^^^^^^
  File "/mnt/Mirror/TelegramBot/TelegramMediaDownloader/venvTelegram/lib/python3.12/site-packages/telethon/client/users.py", line 72, in _call
    future = sender.send(request, ordered=ordered)
             ^^^^^^^^^^^^^^^^^^^^^^^^^^^^^^^^^^^^^
  File "/mnt/Mirror/TelegramBot/TelegramMediaDownloader/venvTelegram/lib/python3.12/site-packages/telethon/network/mtprotosender.py", line 178, in send
    raise ConnectionError('Cannot send requests while disconnected')
ConnectionError: Cannot send requests while disconnected
Unhandled exception on handler
Traceback (most recent call last):
  File "/mnt/Mirror/TelegramBot/TelegramMediaDownloader/venvTelegram/lib/python3.12/site-packages/telethon/client/updates.py", line 96, in run_until_disconnected
    return self.loop.run_until_complete(self._run_until_disconnected())
           ^^^^^^^^^^^^^^^^^^^^^^^^^^^^^^^^^^^^^^^^^^^^^^^^^^^^^^^^^^^^
  File "/usr/lib/python3.12/asyncio/base_events.py", line 674, in run_until_complete
    self.run_forever()
  File "/usr/lib/python3.12/asyncio/base_events.py", line 641, in run_forever
    self._run_once()
  File "/usr/lib/python3.12/asyncio/base_events.py", line 1987, in _run_once
    handle._run()
  File "/usr/lib/python3.12/asyncio/events.py", line 88, in _run
    self._context.run(self._callback, *self._args)
  File "/mnt/Mirror/TelegramBot/TelegramMediaDownloader/venvTelegram/lib/python3.12/site-packages/telethon/client/updates.py", line 574, in _dispatch_update
    await callback(event)
  File "/mnt/Mirror/TelegramBot/TelegramMediaDownloader/beta.py", line 398, in menu_handler
    exit()
  File "<frozen _sitebuiltins>", line 26, in __call__
SystemExit: None

During handling of the above exception, another exception occurred:

Traceback (most recent call last):
  File "/mnt/Mirror/TelegramBot/TelegramMediaDownloader/beta.py", line 63, in descargarArchivos
    await enviarMensaje(f"{file_name} ha sido iniciado como descarga")
  File "/mnt/Mirror/TelegramBot/TelegramMediaDownloader/beta.py", line 215, in enviarMensaje
    await client.send_message(chat_personal, msj)
  File "/mnt/Mirror/TelegramBot/TelegramMediaDownloader/venvTelegram/lib/python3.12/site-packages/telethon/client/messages.py", line 926, in send_message
    result = await self(request)
             ^^^^^^^^^^^^^^^^^^^
  File "/mnt/Mirror/TelegramBot/TelegramMediaDownloader/venvTelegram/lib/python3.12/site-packages/telethon/client/users.py", line 30, in __call__
    return await self._call(self._sender, request, ordered=ordered)
           ^^^^^^^^^^^^^^^^^^^^^^^^^^^^^^^^^^^^^^^^^^^^^^^^^^^^^^^^
  File "/mnt/Mirror/TelegramBot/TelegramMediaDownloader/venvTelegram/lib/python3.12/site-packages/telethon/client/users.py", line 72, in _call
    future = sender.send(request, ordered=ordered)
             ^^^^^^^^^^^^^^^^^^^^^^^^^^^^^^^^^^^^^
  File "/mnt/Mirror/TelegramBot/TelegramMediaDownloader/venvTelegram/lib/python3.12/site-packages/telethon/network/mtprotosender.py", line 178, in send
    raise ConnectionError('Cannot send requests while disconnected')
ConnectionError: Cannot send requests while disconnected

During handling of the above exception, another exception occurred:

Traceback (most recent call last):
  File "/mnt/Mirror/TelegramBot/TelegramMediaDownloader/venvTelegram/lib/python3.12/site-packages/telethon/client/updates.py", line 574, in _dispatch_update
    await callback(event)
  File "/mnt/Mirror/TelegramBot/TelegramMediaDownloader/beta.py", line 426, in handler
    await descargarArchivos(client, event, file_name)
  File "/mnt/Mirror/TelegramBot/TelegramMediaDownloader/beta.py", line 86, in descargarArchivos
    await client.send_message(chat_personal, f"No se pudo descargar {file_name} por culpa de {e}")
  File "/mnt/Mirror/TelegramBot/TelegramMediaDownloader/venvTelegram/lib/python3.12/site-packages/telethon/client/messages.py", line 926, in send_message
    result = await self(request)
             ^^^^^^^^^^^^^^^^^^^
  File "/mnt/Mirror/TelegramBot/TelegramMediaDownloader/venvTelegram/lib/python3.12/site-packages/telethon/client/users.py", line 30, in __call__
    return await self._call(self._sender, request, ordered=ordered)
           ^^^^^^^^^^^^^^^^^^^^^^^^^^^^^^^^^^^^^^^^^^^^^^^^^^^^^^^^
  File "/mnt/Mirror/TelegramBot/TelegramMediaDownloader/venvTelegram/lib/python3.12/site-packages/telethon/client/users.py", line 72, in _call
    future = sender.send(request, ordered=ordered)
             ^^^^^^^^^^^^^^^^^^^^^^^^^^^^^^^^^^^^^
  File "/mnt/Mirror/TelegramBot/TelegramMediaDownloader/venvTelegram/lib/python3.12/site-packages/telethon/network/mtprotosender.py", line 178, in send
    raise ConnectionError('Cannot send requests while disconnected')
ConnectionError: Cannot send requests while disconnected
Unhandled exception on handler
Traceback (most recent call last):
  File "/mnt/Mirror/TelegramBot/TelegramMediaDownloader/venvTelegram/lib/python3.12/site-packages/telethon/client/updates.py", line 96, in run_until_disconnected
    return self.loop.run_until_complete(self._run_until_disconnected())
           ^^^^^^^^^^^^^^^^^^^^^^^^^^^^^^^^^^^^^^^^^^^^^^^^^^^^^^^^^^^^
  File "/usr/lib/python3.12/asyncio/base_events.py", line 674, in run_until_complete
    self.run_forever()
  File "/usr/lib/python3.12/asyncio/base_events.py", line 641, in run_forever
    self._run_once()
  File "/usr/lib/python3.12/asyncio/base_events.py", line 1987, in _run_once
    handle._run()
  File "/usr/lib/python3.12/asyncio/events.py", line 88, in _run
    self._context.run(self._callback, *self._args)
  File "/mnt/Mirror/TelegramBot/TelegramMediaDownloader/venvTelegram/lib/python3.12/site-packages/telethon/client/updates.py", line 574, in _dispatch_update
    await callback(event)
  File "/mnt/Mirror/TelegramBot/TelegramMediaDownloader/beta.py", line 398, in menu_handler
    exit()
  File "<frozen _sitebuiltins>", line 26, in __call__
SystemExit: None

During handling of the above exception, another exception occurred:

Traceback (most recent call last):
  File "/mnt/Mirror/TelegramBot/TelegramMediaDownloader/beta.py", line 63, in descargarArchivos
    await enviarMensaje(f"{file_name} ha sido iniciado como descarga")
  File "/mnt/Mirror/TelegramBot/TelegramMediaDownloader/beta.py", line 215, in enviarMensaje
    await client.send_message(chat_personal, msj)
  File "/mnt/Mirror/TelegramBot/TelegramMediaDownloader/venvTelegram/lib/python3.12/site-packages/telethon/client/messages.py", line 926, in send_message
    result = await self(request)
             ^^^^^^^^^^^^^^^^^^^
  File "/mnt/Mirror/TelegramBot/TelegramMediaDownloader/venvTelegram/lib/python3.12/site-packages/telethon/client/users.py", line 30, in __call__
    return await self._call(self._sender, request, ordered=ordered)
           ^^^^^^^^^^^^^^^^^^^^^^^^^^^^^^^^^^^^^^^^^^^^^^^^^^^^^^^^
  File "/mnt/Mirror/TelegramBot/TelegramMediaDownloader/venvTelegram/lib/python3.12/site-packages/telethon/client/users.py", line 72, in _call
    future = sender.send(request, ordered=ordered)
             ^^^^^^^^^^^^^^^^^^^^^^^^^^^^^^^^^^^^^
  File "/mnt/Mirror/TelegramBot/TelegramMediaDownloader/venvTelegram/lib/python3.12/site-packages/telethon/network/mtprotosender.py", line 178, in send
    raise ConnectionError('Cannot send requests while disconnected')
ConnectionError: Cannot send requests while disconnected

During handling of the above exception, another exception occurred:

Traceback (most recent call last):
  File "/mnt/Mirror/TelegramBot/TelegramMediaDownloader/venvTelegram/lib/python3.12/site-packages/telethon/client/updates.py", line 574, in _dispatch_update
    await callback(event)
  File "/mnt/Mirror/TelegramBot/TelegramMediaDownloader/beta.py", line 426, in handler
    await descargarArchivos(client, event, file_name)
  File "/mnt/Mirror/TelegramBot/TelegramMediaDownloader/beta.py", line 86, in descargarArchivos
    await client.send_message(chat_personal, f"No se pudo descargar {file_name} por culpa de {e}")
  File "/mnt/Mirror/TelegramBot/TelegramMediaDownloader/venvTelegram/lib/python3.12/site-packages/telethon/client/messages.py", line 926, in send_message
    result = await self(request)
             ^^^^^^^^^^^^^^^^^^^
  File "/mnt/Mirror/TelegramBot/TelegramMediaDownloader/venvTelegram/lib/python3.12/site-packages/telethon/client/users.py", line 30, in __call__
    return await self._call(self._sender, request, ordered=ordered)
           ^^^^^^^^^^^^^^^^^^^^^^^^^^^^^^^^^^^^^^^^^^^^^^^^^^^^^^^^
  File "/mnt/Mirror/TelegramBot/TelegramMediaDownloader/venvTelegram/lib/python3.12/site-packages/telethon/client/users.py", line 72, in _call
    future = sender.send(request, ordered=ordered)
             ^^^^^^^^^^^^^^^^^^^^^^^^^^^^^^^^^^^^^
  File "/mnt/Mirror/TelegramBot/TelegramMediaDownloader/venvTelegram/lib/python3.12/site-packages/telethon/network/mtprotosender.py", line 178, in send
    raise ConnectionError('Cannot send requests while disconnected')
ConnectionError: Cannot send requests while disconnected
Unhandled exception on handler
Traceback (most recent call last):
  File "/mnt/Mirror/TelegramBot/TelegramMediaDownloader/venvTelegram/lib/python3.12/site-packages/telethon/client/updates.py", line 96, in run_until_disconnected
    return self.loop.run_until_complete(self._run_until_disconnected())
           ^^^^^^^^^^^^^^^^^^^^^^^^^^^^^^^^^^^^^^^^^^^^^^^^^^^^^^^^^^^^
  File "/usr/lib/python3.12/asyncio/base_events.py", line 674, in run_until_complete
    self.run_forever()
  File "/usr/lib/python3.12/asyncio/base_events.py", line 641, in run_forever
    self._run_once()
  File "/usr/lib/python3.12/asyncio/base_events.py", line 1987, in _run_once
    handle._run()
  File "/usr/lib/python3.12/asyncio/events.py", line 88, in _run
    self._context.run(self._callback, *self._args)
  File "/mnt/Mirror/TelegramBot/TelegramMediaDownloader/venvTelegram/lib/python3.12/site-packages/telethon/client/updates.py", line 574, in _dispatch_update
    await callback(event)
  File "/mnt/Mirror/TelegramBot/TelegramMediaDownloader/beta.py", line 398, in menu_handler
    exit()
  File "<frozen _sitebuiltins>", line 26, in __call__
SystemExit: None

During handling of the above exception, another exception occurred:

Traceback (most recent call last):
  File "/mnt/Mirror/TelegramBot/TelegramMediaDownloader/beta.py", line 63, in descargarArchivos
    await enviarMensaje(f"{file_name} ha sido iniciado como descarga")
  File "/mnt/Mirror/TelegramBot/TelegramMediaDownloader/beta.py", line 215, in enviarMensaje
    await client.send_message(chat_personal, msj)
  File "/mnt/Mirror/TelegramBot/TelegramMediaDownloader/venvTelegram/lib/python3.12/site-packages/telethon/client/messages.py", line 926, in send_message
    result = await self(request)
             ^^^^^^^^^^^^^^^^^^^
  File "/mnt/Mirror/TelegramBot/TelegramMediaDownloader/venvTelegram/lib/python3.12/site-packages/telethon/client/users.py", line 30, in __call__
    return await self._call(self._sender, request, ordered=ordered)
           ^^^^^^^^^^^^^^^^^^^^^^^^^^^^^^^^^^^^^^^^^^^^^^^^^^^^^^^^
  File "/mnt/Mirror/TelegramBot/TelegramMediaDownloader/venvTelegram/lib/python3.12/site-packages/telethon/client/users.py", line 72, in _call
    future = sender.send(request, ordered=ordered)
             ^^^^^^^^^^^^^^^^^^^^^^^^^^^^^^^^^^^^^
  File "/mnt/Mirror/TelegramBot/TelegramMediaDownloader/venvTelegram/lib/python3.12/site-packages/telethon/network/mtprotosender.py", line 178, in send
    raise ConnectionError('Cannot send requests while disconnected')
ConnectionError: Cannot send requests while disconnected

During handling of the above exception, another exception occurred:

Traceback (most recent call last):
  File "/mnt/Mirror/TelegramBot/TelegramMediaDownloader/venvTelegram/lib/python3.12/site-packages/telethon/client/updates.py", line 574, in _dispatch_update
    await callback(event)
  File "/mnt/Mirror/TelegramBot/TelegramMediaDownloader/beta.py", line 426, in handler
    await descargarArchivos(client, event, file_name)
  File "/mnt/Mirror/TelegramBot/TelegramMediaDownloader/beta.py", line 86, in descargarArchivos
    await client.send_message(chat_personal, f"No se pudo descargar {file_name} por culpa de {e}")
  File "/mnt/Mirror/TelegramBot/TelegramMediaDownloader/venvTelegram/lib/python3.12/site-packages/telethon/client/messages.py", line 926, in send_message
    result = await self(request)
             ^^^^^^^^^^^^^^^^^^^
  File "/mnt/Mirror/TelegramBot/TelegramMediaDownloader/venvTelegram/lib/python3.12/site-packages/telethon/client/users.py", line 30, in __call__
    return await self._call(self._sender, request, ordered=ordered)
           ^^^^^^^^^^^^^^^^^^^^^^^^^^^^^^^^^^^^^^^^^^^^^^^^^^^^^^^^
  File "/mnt/Mirror/TelegramBot/TelegramMediaDownloader/venvTelegram/lib/python3.12/site-packages/telethon/client/users.py", line 72, in _call
    future = sender.send(request, ordered=ordered)
             ^^^^^^^^^^^^^^^^^^^^^^^^^^^^^^^^^^^^^
  File "/mnt/Mirror/TelegramBot/TelegramMediaDownloader/venvTelegram/lib/python3.12/site-packages/telethon/network/mtprotosender.py", line 178, in send
    raise ConnectionError('Cannot send requests while disconnected')
ConnectionError: Cannot send requests while disconnected
Unhandled exception on handler
Traceback (most recent call last):
  File "/mnt/Mirror/TelegramBot/TelegramMediaDownloader/venvTelegram/lib/python3.12/site-packages/telethon/client/updates.py", line 96, in run_until_disconnected
    return self.loop.run_until_complete(self._run_until_disconnected())
           ^^^^^^^^^^^^^^^^^^^^^^^^^^^^^^^^^^^^^^^^^^^^^^^^^^^^^^^^^^^^
  File "/usr/lib/python3.12/asyncio/base_events.py", line 674, in run_until_complete
    self.run_forever()
  File "/usr/lib/python3.12/asyncio/base_events.py", line 641, in run_forever
    self._run_once()
  File "/usr/lib/python3.12/asyncio/base_events.py", line 1987, in _run_once
    handle._run()
  File "/usr/lib/python3.12/asyncio/events.py", line 88, in _run
    self._context.run(self._callback, *self._args)
  File "/mnt/Mirror/TelegramBot/TelegramMediaDownloader/venvTelegram/lib/python3.12/site-packages/telethon/client/updates.py", line 574, in _dispatch_update
    await callback(event)
  File "/mnt/Mirror/TelegramBot/TelegramMediaDownloader/beta.py", line 398, in menu_handler
    exit()
  File "<frozen _sitebuiltins>", line 26, in __call__
SystemExit: None

During handling of the above exception, another exception occurred:

Traceback (most recent call last):
  File "/mnt/Mirror/TelegramBot/TelegramMediaDownloader/beta.py", line 63, in descargarArchivos
    await enviarMensaje(f"{file_name} ha sido iniciado como descarga")
  File "/mnt/Mirror/TelegramBot/TelegramMediaDownloader/beta.py", line 215, in enviarMensaje
    await client.send_message(chat_personal, msj)
  File "/mnt/Mirror/TelegramBot/TelegramMediaDownloader/venvTelegram/lib/python3.12/site-packages/telethon/client/messages.py", line 926, in send_message
    result = await self(request)
             ^^^^^^^^^^^^^^^^^^^
  File "/mnt/Mirror/TelegramBot/TelegramMediaDownloader/venvTelegram/lib/python3.12/site-packages/telethon/client/users.py", line 30, in __call__
    return await self._call(self._sender, request, ordered=ordered)
           ^^^^^^^^^^^^^^^^^^^^^^^^^^^^^^^^^^^^^^^^^^^^^^^^^^^^^^^^
  File "/mnt/Mirror/TelegramBot/TelegramMediaDownloader/venvTelegram/lib/python3.12/site-packages/telethon/client/users.py", line 72, in _call
    future = sender.send(request, ordered=ordered)
             ^^^^^^^^^^^^^^^^^^^^^^^^^^^^^^^^^^^^^
  File "/mnt/Mirror/TelegramBot/TelegramMediaDownloader/venvTelegram/lib/python3.12/site-packages/telethon/network/mtprotosender.py", line 178, in send
    raise ConnectionError('Cannot send requests while disconnected')
ConnectionError: Cannot send requests while disconnected

During handling of the above exception, another exception occurred:

Traceback (most recent call last):
  File "/mnt/Mirror/TelegramBot/TelegramMediaDownloader/venvTelegram/lib/python3.12/site-packages/telethon/client/updates.py", line 574, in _dispatch_update
    await callback(event)
  File "/mnt/Mirror/TelegramBot/TelegramMediaDownloader/beta.py", line 426, in handler
    await descargarArchivos(client, event, file_name)
  File "/mnt/Mirror/TelegramBot/TelegramMediaDownloader/beta.py", line 86, in descargarArchivos
    await client.send_message(chat_personal, f"No se pudo descargar {file_name} por culpa de {e}")
  File "/mnt/Mirror/TelegramBot/TelegramMediaDownloader/venvTelegram/lib/python3.12/site-packages/telethon/client/messages.py", line 926, in send_message
    result = await self(request)
             ^^^^^^^^^^^^^^^^^^^
  File "/mnt/Mirror/TelegramBot/TelegramMediaDownloader/venvTelegram/lib/python3.12/site-packages/telethon/client/users.py", line 30, in __call__
    return await self._call(self._sender, request, ordered=ordered)
           ^^^^^^^^^^^^^^^^^^^^^^^^^^^^^^^^^^^^^^^^^^^^^^^^^^^^^^^^
  File "/mnt/Mirror/TelegramBot/TelegramMediaDownloader/venvTelegram/lib/python3.12/site-packages/telethon/client/users.py", line 72, in _call
    future = sender.send(request, ordered=ordered)
             ^^^^^^^^^^^^^^^^^^^^^^^^^^^^^^^^^^^^^
  File "/mnt/Mirror/TelegramBot/TelegramMediaDownloader/venvTelegram/lib/python3.12/site-packages/telethon/network/mtprotosender.py", line 178, in send
    raise ConnectionError('Cannot send requests while disconnected')
ConnectionError: Cannot send requests while disconnected
Unhandled exception on handler
Traceback (most recent call last):
  File "/mnt/Mirror/TelegramBot/TelegramMediaDownloader/venvTelegram/lib/python3.12/site-packages/telethon/client/updates.py", line 96, in run_until_disconnected
    return self.loop.run_until_complete(self._run_until_disconnected())
           ^^^^^^^^^^^^^^^^^^^^^^^^^^^^^^^^^^^^^^^^^^^^^^^^^^^^^^^^^^^^
  File "/usr/lib/python3.12/asyncio/base_events.py", line 674, in run_until_complete
    self.run_forever()
  File "/usr/lib/python3.12/asyncio/base_events.py", line 641, in run_forever
    self._run_once()
  File "/usr/lib/python3.12/asyncio/base_events.py", line 1987, in _run_once
    handle._run()
  File "/usr/lib/python3.12/asyncio/events.py", line 88, in _run
    self._context.run(self._callback, *self._args)
  File "/mnt/Mirror/TelegramBot/TelegramMediaDownloader/venvTelegram/lib/python3.12/site-packages/telethon/client/updates.py", line 574, in _dispatch_update
    await callback(event)
  File "/mnt/Mirror/TelegramBot/TelegramMediaDownloader/beta.py", line 398, in menu_handler
    exit()
  File "<frozen _sitebuiltins>", line 26, in __call__
SystemExit: None

During handling of the above exception, another exception occurred:

Traceback (most recent call last):
  File "/mnt/Mirror/TelegramBot/TelegramMediaDownloader/beta.py", line 63, in descargarArchivos
    await enviarMensaje(f"{file_name} ha sido iniciado como descarga")
  File "/mnt/Mirror/TelegramBot/TelegramMediaDownloader/beta.py", line 215, in enviarMensaje
    await client.send_message(chat_personal, msj)
  File "/mnt/Mirror/TelegramBot/TelegramMediaDownloader/venvTelegram/lib/python3.12/site-packages/telethon/client/messages.py", line 926, in send_message
    result = await self(request)
             ^^^^^^^^^^^^^^^^^^^
  File "/mnt/Mirror/TelegramBot/TelegramMediaDownloader/venvTelegram/lib/python3.12/site-packages/telethon/client/users.py", line 30, in __call__
    return await self._call(self._sender, request, ordered=ordered)
           ^^^^^^^^^^^^^^^^^^^^^^^^^^^^^^^^^^^^^^^^^^^^^^^^^^^^^^^^
  File "/mnt/Mirror/TelegramBot/TelegramMediaDownloader/venvTelegram/lib/python3.12/site-packages/telethon/client/users.py", line 72, in _call
    future = sender.send(request, ordered=ordered)
             ^^^^^^^^^^^^^^^^^^^^^^^^^^^^^^^^^^^^^
  File "/mnt/Mirror/TelegramBot/TelegramMediaDownloader/venvTelegram/lib/python3.12/site-packages/telethon/network/mtprotosender.py", line 178, in send
    raise ConnectionError('Cannot send requests while disconnected')
ConnectionError: Cannot send requests while disconnected

During handling of the above exception, another exception occurred:

Traceback (most recent call last):
  File "/mnt/Mirror/TelegramBot/TelegramMediaDownloader/venvTelegram/lib/python3.12/site-packages/telethon/client/updates.py", line 574, in _dispatch_update
    await callback(event)
  File "/mnt/Mirror/TelegramBot/TelegramMediaDownloader/beta.py", line 426, in handler
    await descargarArchivos(client, event, file_name)
  File "/mnt/Mirror/TelegramBot/TelegramMediaDownloader/beta.py", line 86, in descargarArchivos
    await client.send_message(chat_personal, f"No se pudo descargar {file_name} por culpa de {e}")
  File "/mnt/Mirror/TelegramBot/TelegramMediaDownloader/venvTelegram/lib/python3.12/site-packages/telethon/client/messages.py", line 926, in send_message
    result = await self(request)
             ^^^^^^^^^^^^^^^^^^^
  File "/mnt/Mirror/TelegramBot/TelegramMediaDownloader/venvTelegram/lib/python3.12/site-packages/telethon/client/users.py", line 30, in __call__
    return await self._call(self._sender, request, ordered=ordered)
           ^^^^^^^^^^^^^^^^^^^^^^^^^^^^^^^^^^^^^^^^^^^^^^^^^^^^^^^^
  File "/mnt/Mirror/TelegramBot/TelegramMediaDownloader/venvTelegram/lib/python3.12/site-packages/telethon/client/users.py", line 72, in _call
    future = sender.send(request, ordered=ordered)
             ^^^^^^^^^^^^^^^^^^^^^^^^^^^^^^^^^^^^^
  File "/mnt/Mirror/TelegramBot/TelegramMediaDownloader/venvTelegram/lib/python3.12/site-packages/telethon/network/mtprotosender.py", line 178, in send
    raise ConnectionError('Cannot send requests while disconnected')
ConnectionError: Cannot send requests while disconnected
Unhandled exception on handler
Traceback (most recent call last):
  File "/mnt/Mirror/TelegramBot/TelegramMediaDownloader/venvTelegram/lib/python3.12/site-packages/telethon/client/updates.py", line 96, in run_until_disconnected
    return self.loop.run_until_complete(self._run_until_disconnected())
           ^^^^^^^^^^^^^^^^^^^^^^^^^^^^^^^^^^^^^^^^^^^^^^^^^^^^^^^^^^^^
  File "/usr/lib/python3.12/asyncio/base_events.py", line 674, in run_until_complete
    self.run_forever()
  File "/usr/lib/python3.12/asyncio/base_events.py", line 641, in run_forever
    self._run_once()
  File "/usr/lib/python3.12/asyncio/base_events.py", line 1987, in _run_once
    handle._run()
  File "/usr/lib/python3.12/asyncio/events.py", line 88, in _run
    self._context.run(self._callback, *self._args)
  File "/mnt/Mirror/TelegramBot/TelegramMediaDownloader/venvTelegram/lib/python3.12/site-packages/telethon/client/updates.py", line 574, in _dispatch_update
    await callback(event)
  File "/mnt/Mirror/TelegramBot/TelegramMediaDownloader/beta.py", line 398, in menu_handler
    exit()
  File "<frozen _sitebuiltins>", line 26, in __call__
SystemExit: None

During handling of the above exception, another exception occurred:

Traceback (most recent call last):
  File "/mnt/Mirror/TelegramBot/TelegramMediaDownloader/beta.py", line 63, in descargarArchivos
    await enviarMensaje(f"{file_name} ha sido iniciado como descarga")
  File "/mnt/Mirror/TelegramBot/TelegramMediaDownloader/beta.py", line 215, in enviarMensaje
    await client.send_message(chat_personal, msj)
  File "/mnt/Mirror/TelegramBot/TelegramMediaDownloader/venvTelegram/lib/python3.12/site-packages/telethon/client/messages.py", line 926, in send_message
    result = await self(request)
             ^^^^^^^^^^^^^^^^^^^
  File "/mnt/Mirror/TelegramBot/TelegramMediaDownloader/venvTelegram/lib/python3.12/site-packages/telethon/client/users.py", line 30, in __call__
    return await self._call(self._sender, request, ordered=ordered)
           ^^^^^^^^^^^^^^^^^^^^^^^^^^^^^^^^^^^^^^^^^^^^^^^^^^^^^^^^
  File "/mnt/Mirror/TelegramBot/TelegramMediaDownloader/venvTelegram/lib/python3.12/site-packages/telethon/client/users.py", line 72, in _call
    future = sender.send(request, ordered=ordered)
             ^^^^^^^^^^^^^^^^^^^^^^^^^^^^^^^^^^^^^
  File "/mnt/Mirror/TelegramBot/TelegramMediaDownloader/venvTelegram/lib/python3.12/site-packages/telethon/network/mtprotosender.py", line 178, in send
    raise ConnectionError('Cannot send requests while disconnected')
ConnectionError: Cannot send requests while disconnected

During handling of the above exception, another exception occurred:

Traceback (most recent call last):
  File "/mnt/Mirror/TelegramBot/TelegramMediaDownloader/venvTelegram/lib/python3.12/site-packages/telethon/client/updates.py", line 574, in _dispatch_update
    await callback(event)
  File "/mnt/Mirror/TelegramBot/TelegramMediaDownloader/beta.py", line 426, in handler
    await descargarArchivos(client, event, file_name)
  File "/mnt/Mirror/TelegramBot/TelegramMediaDownloader/beta.py", line 86, in descargarArchivos
    await client.send_message(chat_personal, f"No se pudo descargar {file_name} por culpa de {e}")
  File "/mnt/Mirror/TelegramBot/TelegramMediaDownloader/venvTelegram/lib/python3.12/site-packages/telethon/client/messages.py", line 926, in send_message
    result = await self(request)
             ^^^^^^^^^^^^^^^^^^^
  File "/mnt/Mirror/TelegramBot/TelegramMediaDownloader/venvTelegram/lib/python3.12/site-packages/telethon/client/users.py", line 30, in __call__
    return await self._call(self._sender, request, ordered=ordered)
           ^^^^^^^^^^^^^^^^^^^^^^^^^^^^^^^^^^^^^^^^^^^^^^^^^^^^^^^^
  File "/mnt/Mirror/TelegramBot/TelegramMediaDownloader/venvTelegram/lib/python3.12/site-packages/telethon/client/users.py", line 72, in _call
    future = sender.send(request, ordered=ordered)
             ^^^^^^^^^^^^^^^^^^^^^^^^^^^^^^^^^^^^^
  File "/mnt/Mirror/TelegramBot/TelegramMediaDownloader/venvTelegram/lib/python3.12/site-packages/telethon/network/mtprotosender.py", line 178, in send
    raise ConnectionError('Cannot send requests while disconnected')
ConnectionError: Cannot send requests while disconnected
Unhandled exception on handler
Traceback (most recent call last):
  File "/mnt/Mirror/TelegramBot/TelegramMediaDownloader/venvTelegram/lib/python3.12/site-packages/telethon/client/updates.py", line 96, in run_until_disconnected
    return self.loop.run_until_complete(self._run_until_disconnected())
           ^^^^^^^^^^^^^^^^^^^^^^^^^^^^^^^^^^^^^^^^^^^^^^^^^^^^^^^^^^^^
  File "/usr/lib/python3.12/asyncio/base_events.py", line 674, in run_until_complete
    self.run_forever()
  File "/usr/lib/python3.12/asyncio/base_events.py", line 641, in run_forever
    self._run_once()
  File "/usr/lib/python3.12/asyncio/base_events.py", line 1987, in _run_once
    handle._run()
  File "/usr/lib/python3.12/asyncio/events.py", line 88, in _run
    self._context.run(self._callback, *self._args)
  File "/mnt/Mirror/TelegramBot/TelegramMediaDownloader/venvTelegram/lib/python3.12/site-packages/telethon/client/updates.py", line 574, in _dispatch_update
    await callback(event)
  File "/mnt/Mirror/TelegramBot/TelegramMediaDownloader/beta.py", line 398, in menu_handler
    exit()
  File "<frozen _sitebuiltins>", line 26, in __call__
SystemExit: None

During handling of the above exception, another exception occurred:

Traceback (most recent call last):
  File "/mnt/Mirror/TelegramBot/TelegramMediaDownloader/beta.py", line 63, in descargarArchivos
    await enviarMensaje(f"{file_name} ha sido iniciado como descarga")
  File "/mnt/Mirror/TelegramBot/TelegramMediaDownloader/beta.py", line 215, in enviarMensaje
    await client.send_message(chat_personal, msj)
  File "/mnt/Mirror/TelegramBot/TelegramMediaDownloader/venvTelegram/lib/python3.12/site-packages/telethon/client/messages.py", line 926, in send_message
    result = await self(request)
             ^^^^^^^^^^^^^^^^^^^
  File "/mnt/Mirror/TelegramBot/TelegramMediaDownloader/venvTelegram/lib/python3.12/site-packages/telethon/client/users.py", line 30, in __call__
    return await self._call(self._sender, request, ordered=ordered)
           ^^^^^^^^^^^^^^^^^^^^^^^^^^^^^^^^^^^^^^^^^^^^^^^^^^^^^^^^
  File "/mnt/Mirror/TelegramBot/TelegramMediaDownloader/venvTelegram/lib/python3.12/site-packages/telethon/client/users.py", line 72, in _call
    future = sender.send(request, ordered=ordered)
             ^^^^^^^^^^^^^^^^^^^^^^^^^^^^^^^^^^^^^
  File "/mnt/Mirror/TelegramBot/TelegramMediaDownloader/venvTelegram/lib/python3.12/site-packages/telethon/network/mtprotosender.py", line 178, in send
    raise ConnectionError('Cannot send requests while disconnected')
ConnectionError: Cannot send requests while disconnected

During handling of the above exception, another exception occurred:

Traceback (most recent call last):
  File "/mnt/Mirror/TelegramBot/TelegramMediaDownloader/venvTelegram/lib/python3.12/site-packages/telethon/client/updates.py", line 574, in _dispatch_update
    await callback(event)
  File "/mnt/Mirror/TelegramBot/TelegramMediaDownloader/beta.py", line 426, in handler
    await descargarArchivos(client, event, file_name)
  File "/mnt/Mirror/TelegramBot/TelegramMediaDownloader/beta.py", line 86, in descargarArchivos
    await client.send_message(chat_personal, f"No se pudo descargar {file_name} por culpa de {e}")
  File "/mnt/Mirror/TelegramBot/TelegramMediaDownloader/venvTelegram/lib/python3.12/site-packages/telethon/client/messages.py", line 926, in send_message
    result = await self(request)
             ^^^^^^^^^^^^^^^^^^^
  File "/mnt/Mirror/TelegramBot/TelegramMediaDownloader/venvTelegram/lib/python3.12/site-packages/telethon/client/users.py", line 30, in __call__
    return await self._call(self._sender, request, ordered=ordered)
           ^^^^^^^^^^^^^^^^^^^^^^^^^^^^^^^^^^^^^^^^^^^^^^^^^^^^^^^^
  File "/mnt/Mirror/TelegramBot/TelegramMediaDownloader/venvTelegram/lib/python3.12/site-packages/telethon/client/users.py", line 72, in _call
    future = sender.send(request, ordered=ordered)
             ^^^^^^^^^^^^^^^^^^^^^^^^^^^^^^^^^^^^^
  File "/mnt/Mirror/TelegramBot/TelegramMediaDownloader/venvTelegram/lib/python3.12/site-packages/telethon/network/mtprotosender.py", line 178, in send
    raise ConnectionError('Cannot send requests while disconnected')
ConnectionError: Cannot send requests while disconnected
Unhandled exception on handler
Traceback (most recent call last):
  File "/mnt/Mirror/TelegramBot/TelegramMediaDownloader/venvTelegram/lib/python3.12/site-packages/telethon/client/updates.py", line 96, in run_until_disconnected
    return self.loop.run_until_complete(self._run_until_disconnected())
           ^^^^^^^^^^^^^^^^^^^^^^^^^^^^^^^^^^^^^^^^^^^^^^^^^^^^^^^^^^^^
  File "/usr/lib/python3.12/asyncio/base_events.py", line 674, in run_until_complete
    self.run_forever()
  File "/usr/lib/python3.12/asyncio/base_events.py", line 641, in run_forever
    self._run_once()
  File "/usr/lib/python3.12/asyncio/base_events.py", line 1987, in _run_once
    handle._run()
  File "/usr/lib/python3.12/asyncio/events.py", line 88, in _run
    self._context.run(self._callback, *self._args)
  File "/mnt/Mirror/TelegramBot/TelegramMediaDownloader/venvTelegram/lib/python3.12/site-packages/telethon/client/updates.py", line 574, in _dispatch_update
    await callback(event)
  File "/mnt/Mirror/TelegramBot/TelegramMediaDownloader/beta.py", line 398, in menu_handler
    exit()
  File "<frozen _sitebuiltins>", line 26, in __call__
SystemExit: None

During handling of the above exception, another exception occurred:

Traceback (most recent call last):
  File "/mnt/Mirror/TelegramBot/TelegramMediaDownloader/beta.py", line 63, in descargarArchivos
    await enviarMensaje(f"{file_name} ha sido iniciado como descarga")
  File "/mnt/Mirror/TelegramBot/TelegramMediaDownloader/beta.py", line 215, in enviarMensaje
    await client.send_message(chat_personal, msj)
  File "/mnt/Mirror/TelegramBot/TelegramMediaDownloader/venvTelegram/lib/python3.12/site-packages/telethon/client/messages.py", line 926, in send_message
    result = await self(request)
             ^^^^^^^^^^^^^^^^^^^
  File "/mnt/Mirror/TelegramBot/TelegramMediaDownloader/venvTelegram/lib/python3.12/site-packages/telethon/client/users.py", line 30, in __call__
    return await self._call(self._sender, request, ordered=ordered)
           ^^^^^^^^^^^^^^^^^^^^^^^^^^^^^^^^^^^^^^^^^^^^^^^^^^^^^^^^
  File "/mnt/Mirror/TelegramBot/TelegramMediaDownloader/venvTelegram/lib/python3.12/site-packages/telethon/client/users.py", line 72, in _call
    future = sender.send(request, ordered=ordered)
             ^^^^^^^^^^^^^^^^^^^^^^^^^^^^^^^^^^^^^
  File "/mnt/Mirror/TelegramBot/TelegramMediaDownloader/venvTelegram/lib/python3.12/site-packages/telethon/network/mtprotosender.py", line 178, in send
    raise ConnectionError('Cannot send requests while disconnected')
ConnectionError: Cannot send requests while disconnected

During handling of the above exception, another exception occurred:

Traceback (most recent call last):
  File "/mnt/Mirror/TelegramBot/TelegramMediaDownloader/venvTelegram/lib/python3.12/site-packages/telethon/client/updates.py", line 574, in _dispatch_update
    await callback(event)
  File "/mnt/Mirror/TelegramBot/TelegramMediaDownloader/beta.py", line 426, in handler
    await descargarArchivos(client, event, file_name)
  File "/mnt/Mirror/TelegramBot/TelegramMediaDownloader/beta.py", line 86, in descargarArchivos
    await client.send_message(chat_personal, f"No se pudo descargar {file_name} por culpa de {e}")
  File "/mnt/Mirror/TelegramBot/TelegramMediaDownloader/venvTelegram/lib/python3.12/site-packages/telethon/client/messages.py", line 926, in send_message
    result = await self(request)
             ^^^^^^^^^^^^^^^^^^^
  File "/mnt/Mirror/TelegramBot/TelegramMediaDownloader/venvTelegram/lib/python3.12/site-packages/telethon/client/users.py", line 30, in __call__
    return await self._call(self._sender, request, ordered=ordered)
           ^^^^^^^^^^^^^^^^^^^^^^^^^^^^^^^^^^^^^^^^^^^^^^^^^^^^^^^^
  File "/mnt/Mirror/TelegramBot/TelegramMediaDownloader/venvTelegram/lib/python3.12/site-packages/telethon/client/users.py", line 72, in _call
    future = sender.send(request, ordered=ordered)
             ^^^^^^^^^^^^^^^^^^^^^^^^^^^^^^^^^^^^^
  File "/mnt/Mirror/TelegramBot/TelegramMediaDownloader/venvTelegram/lib/python3.12/site-packages/telethon/network/mtprotosender.py", line 178, in send
    raise ConnectionError('Cannot send requests while disconnected')
ConnectionError: Cannot send requests while disconnected
Unhandled exception on handler
Traceback (most recent call last):
  File "/mnt/Mirror/TelegramBot/TelegramMediaDownloader/venvTelegram/lib/python3.12/site-packages/telethon/client/updates.py", line 96, in run_until_disconnected
    return self.loop.run_until_complete(self._run_until_disconnected())
           ^^^^^^^^^^^^^^^^^^^^^^^^^^^^^^^^^^^^^^^^^^^^^^^^^^^^^^^^^^^^
  File "/usr/lib/python3.12/asyncio/base_events.py", line 674, in run_until_complete
    self.run_forever()
  File "/usr/lib/python3.12/asyncio/base_events.py", line 641, in run_forever
    self._run_once()
  File "/usr/lib/python3.12/asyncio/base_events.py", line 1987, in _run_once
    handle._run()
  File "/usr/lib/python3.12/asyncio/events.py", line 88, in _run
    self._context.run(self._callback, *self._args)
  File "/mnt/Mirror/TelegramBot/TelegramMediaDownloader/venvTelegram/lib/python3.12/site-packages/telethon/client/updates.py", line 574, in _dispatch_update
    await callback(event)
  File "/mnt/Mirror/TelegramBot/TelegramMediaDownloader/beta.py", line 398, in menu_handler
    exit()
  File "<frozen _sitebuiltins>", line 26, in __call__
SystemExit: None

During handling of the above exception, another exception occurred:

Traceback (most recent call last):
  File "/mnt/Mirror/TelegramBot/TelegramMediaDownloader/beta.py", line 63, in descargarArchivos
    await enviarMensaje(f"{file_name} ha sido iniciado como descarga")
  File "/mnt/Mirror/TelegramBot/TelegramMediaDownloader/beta.py", line 215, in enviarMensaje
    await client.send_message(chat_personal, msj)
  File "/mnt/Mirror/TelegramBot/TelegramMediaDownloader/venvTelegram/lib/python3.12/site-packages/telethon/client/messages.py", line 926, in send_message
    result = await self(request)
             ^^^^^^^^^^^^^^^^^^^
  File "/mnt/Mirror/TelegramBot/TelegramMediaDownloader/venvTelegram/lib/python3.12/site-packages/telethon/client/users.py", line 30, in __call__
    return await self._call(self._sender, request, ordered=ordered)
           ^^^^^^^^^^^^^^^^^^^^^^^^^^^^^^^^^^^^^^^^^^^^^^^^^^^^^^^^
  File "/mnt/Mirror/TelegramBot/TelegramMediaDownloader/venvTelegram/lib/python3.12/site-packages/telethon/client/users.py", line 72, in _call
    future = sender.send(request, ordered=ordered)
             ^^^^^^^^^^^^^^^^^^^^^^^^^^^^^^^^^^^^^
  File "/mnt/Mirror/TelegramBot/TelegramMediaDownloader/venvTelegram/lib/python3.12/site-packages/telethon/network/mtprotosender.py", line 178, in send
    raise ConnectionError('Cannot send requests while disconnected')
ConnectionError: Cannot send requests while disconnected

During handling of the above exception, another exception occurred:

Traceback (most recent call last):
  File "/mnt/Mirror/TelegramBot/TelegramMediaDownloader/venvTelegram/lib/python3.12/site-packages/telethon/client/updates.py", line 574, in _dispatch_update
    await callback(event)
  File "/mnt/Mirror/TelegramBot/TelegramMediaDownloader/beta.py", line 426, in handler
    await descargarArchivos(client, event, file_name)
  File "/mnt/Mirror/TelegramBot/TelegramMediaDownloader/beta.py", line 86, in descargarArchivos
    await client.send_message(chat_personal, f"No se pudo descargar {file_name} por culpa de {e}")
  File "/mnt/Mirror/TelegramBot/TelegramMediaDownloader/venvTelegram/lib/python3.12/site-packages/telethon/client/messages.py", line 926, in send_message
    result = await self(request)
             ^^^^^^^^^^^^^^^^^^^
  File "/mnt/Mirror/TelegramBot/TelegramMediaDownloader/venvTelegram/lib/python3.12/site-packages/telethon/client/users.py", line 30, in __call__
    return await self._call(self._sender, request, ordered=ordered)
           ^^^^^^^^^^^^^^^^^^^^^^^^^^^^^^^^^^^^^^^^^^^^^^^^^^^^^^^^
  File "/mnt/Mirror/TelegramBot/TelegramMediaDownloader/venvTelegram/lib/python3.12/site-packages/telethon/client/users.py", line 72, in _call
    future = sender.send(request, ordered=ordered)
             ^^^^^^^^^^^^^^^^^^^^^^^^^^^^^^^^^^^^^
  File "/mnt/Mirror/TelegramBot/TelegramMediaDownloader/venvTelegram/lib/python3.12/site-packages/telethon/network/mtprotosender.py", line 178, in send
    raise ConnectionError('Cannot send requests while disconnected')
ConnectionError: Cannot send requests while disconnected
Unhandled exception on handler
Traceback (most recent call last):
  File "/mnt/Mirror/TelegramBot/TelegramMediaDownloader/venvTelegram/lib/python3.12/site-packages/telethon/client/updates.py", line 96, in run_until_disconnected
    return self.loop.run_until_complete(self._run_until_disconnected())
           ^^^^^^^^^^^^^^^^^^^^^^^^^^^^^^^^^^^^^^^^^^^^^^^^^^^^^^^^^^^^
  File "/usr/lib/python3.12/asyncio/base_events.py", line 674, in run_until_complete
    self.run_forever()
  File "/usr/lib/python3.12/asyncio/base_events.py", line 641, in run_forever
    self._run_once()
  File "/usr/lib/python3.12/asyncio/base_events.py", line 1987, in _run_once
    handle._run()
  File "/usr/lib/python3.12/asyncio/events.py", line 88, in _run
    self._context.run(self._callback, *self._args)
  File "/mnt/Mirror/TelegramBot/TelegramMediaDownloader/venvTelegram/lib/python3.12/site-packages/telethon/client/updates.py", line 574, in _dispatch_update
    await callback(event)
  File "/mnt/Mirror/TelegramBot/TelegramMediaDownloader/beta.py", line 398, in menu_handler
    exit()
  File "<frozen _sitebuiltins>", line 26, in __call__
SystemExit: None

During handling of the above exception, another exception occurred:

Traceback (most recent call last):
  File "/mnt/Mirror/TelegramBot/TelegramMediaDownloader/beta.py", line 63, in descargarArchivos
    await enviarMensaje(f"{file_name} ha sido iniciado como descarga")
  File "/mnt/Mirror/TelegramBot/TelegramMediaDownloader/beta.py", line 215, in enviarMensaje
    await client.send_message(chat_personal, msj)
  File "/mnt/Mirror/TelegramBot/TelegramMediaDownloader/venvTelegram/lib/python3.12/site-packages/telethon/client/messages.py", line 926, in send_message
    result = await self(request)
             ^^^^^^^^^^^^^^^^^^^
  File "/mnt/Mirror/TelegramBot/TelegramMediaDownloader/venvTelegram/lib/python3.12/site-packages/telethon/client/users.py", line 30, in __call__
    return await self._call(self._sender, request, ordered=ordered)
           ^^^^^^^^^^^^^^^^^^^^^^^^^^^^^^^^^^^^^^^^^^^^^^^^^^^^^^^^
  File "/mnt/Mirror/TelegramBot/TelegramMediaDownloader/venvTelegram/lib/python3.12/site-packages/telethon/client/users.py", line 72, in _call
    future = sender.send(request, ordered=ordered)
             ^^^^^^^^^^^^^^^^^^^^^^^^^^^^^^^^^^^^^
  File "/mnt/Mirror/TelegramBot/TelegramMediaDownloader/venvTelegram/lib/python3.12/site-packages/telethon/network/mtprotosender.py", line 178, in send
    raise ConnectionError('Cannot send requests while disconnected')
ConnectionError: Cannot send requests while disconnected

During handling of the above exception, another exception occurred:

Traceback (most recent call last):
  File "/mnt/Mirror/TelegramBot/TelegramMediaDownloader/venvTelegram/lib/python3.12/site-packages/telethon/client/updates.py", line 574, in _dispatch_update
    await callback(event)
  File "/mnt/Mirror/TelegramBot/TelegramMediaDownloader/beta.py", line 426, in handler
    await descargarArchivos(client, event, file_name)
  File "/mnt/Mirror/TelegramBot/TelegramMediaDownloader/beta.py", line 86, in descargarArchivos
    await client.send_message(chat_personal, f"No se pudo descargar {file_name} por culpa de {e}")
  File "/mnt/Mirror/TelegramBot/TelegramMediaDownloader/venvTelegram/lib/python3.12/site-packages/telethon/client/messages.py", line 926, in send_message
    result = await self(request)
             ^^^^^^^^^^^^^^^^^^^
  File "/mnt/Mirror/TelegramBot/TelegramMediaDownloader/venvTelegram/lib/python3.12/site-packages/telethon/client/users.py", line 30, in __call__
    return await self._call(self._sender, request, ordered=ordered)
           ^^^^^^^^^^^^^^^^^^^^^^^^^^^^^^^^^^^^^^^^^^^^^^^^^^^^^^^^
  File "/mnt/Mirror/TelegramBot/TelegramMediaDownloader/venvTelegram/lib/python3.12/site-packages/telethon/client/users.py", line 72, in _call
    future = sender.send(request, ordered=ordered)
             ^^^^^^^^^^^^^^^^^^^^^^^^^^^^^^^^^^^^^
  File "/mnt/Mirror/TelegramBot/TelegramMediaDownloader/venvTelegram/lib/python3.12/site-packages/telethon/network/mtprotosender.py", line 178, in send
    raise ConnectionError('Cannot send requests while disconnected')
ConnectionError: Cannot send requests while disconnected
Unhandled exception on handler
Traceback (most recent call last):
  File "/mnt/Mirror/TelegramBot/TelegramMediaDownloader/venvTelegram/lib/python3.12/site-packages/telethon/client/updates.py", line 96, in run_until_disconnected
    return self.loop.run_until_complete(self._run_until_disconnected())
           ^^^^^^^^^^^^^^^^^^^^^^^^^^^^^^^^^^^^^^^^^^^^^^^^^^^^^^^^^^^^
  File "/usr/lib/python3.12/asyncio/base_events.py", line 674, in run_until_complete
    self.run_forever()
  File "/usr/lib/python3.12/asyncio/base_events.py", line 641, in run_forever
    self._run_once()
  File "/usr/lib/python3.12/asyncio/base_events.py", line 1987, in _run_once
    handle._run()
  File "/usr/lib/python3.12/asyncio/events.py", line 88, in _run
    self._context.run(self._callback, *self._args)
  File "/mnt/Mirror/TelegramBot/TelegramMediaDownloader/venvTelegram/lib/python3.12/site-packages/telethon/client/updates.py", line 574, in _dispatch_update
    await callback(event)
  File "/mnt/Mirror/TelegramBot/TelegramMediaDownloader/beta.py", line 398, in menu_handler
    exit()
  File "<frozen _sitebuiltins>", line 26, in __call__
SystemExit: None

During handling of the above exception, another exception occurred:

Traceback (most recent call last):
  File "/mnt/Mirror/TelegramBot/TelegramMediaDownloader/beta.py", line 63, in descargarArchivos
    await enviarMensaje(f"{file_name} ha sido iniciado como descarga")
  File "/mnt/Mirror/TelegramBot/TelegramMediaDownloader/beta.py", line 215, in enviarMensaje
    await client.send_message(chat_personal, msj)
  File "/mnt/Mirror/TelegramBot/TelegramMediaDownloader/venvTelegram/lib/python3.12/site-packages/telethon/client/messages.py", line 926, in send_message
    result = await self(request)
             ^^^^^^^^^^^^^^^^^^^
  File "/mnt/Mirror/TelegramBot/TelegramMediaDownloader/venvTelegram/lib/python3.12/site-packages/telethon/client/users.py", line 30, in __call__
    return await self._call(self._sender, request, ordered=ordered)
           ^^^^^^^^^^^^^^^^^^^^^^^^^^^^^^^^^^^^^^^^^^^^^^^^^^^^^^^^
  File "/mnt/Mirror/TelegramBot/TelegramMediaDownloader/venvTelegram/lib/python3.12/site-packages/telethon/client/users.py", line 72, in _call
    future = sender.send(request, ordered=ordered)
             ^^^^^^^^^^^^^^^^^^^^^^^^^^^^^^^^^^^^^
  File "/mnt/Mirror/TelegramBot/TelegramMediaDownloader/venvTelegram/lib/python3.12/site-packages/telethon/network/mtprotosender.py", line 178, in send
    raise ConnectionError('Cannot send requests while disconnected')
ConnectionError: Cannot send requests while disconnected

During handling of the above exception, another exception occurred:

Traceback (most recent call last):
  File "/mnt/Mirror/TelegramBot/TelegramMediaDownloader/venvTelegram/lib/python3.12/site-packages/telethon/client/updates.py", line 574, in _dispatch_update
    await callback(event)
  File "/mnt/Mirror/TelegramBot/TelegramMediaDownloader/beta.py", line 426, in handler
    await descargarArchivos(client, event, file_name)
  File "/mnt/Mirror/TelegramBot/TelegramMediaDownloader/beta.py", line 86, in descargarArchivos
    await client.send_message(chat_personal, f"No se pudo descargar {file_name} por culpa de {e}")
  File "/mnt/Mirror/TelegramBot/TelegramMediaDownloader/venvTelegram/lib/python3.12/site-packages/telethon/client/messages.py", line 926, in send_message
    result = await self(request)
             ^^^^^^^^^^^^^^^^^^^
  File "/mnt/Mirror/TelegramBot/TelegramMediaDownloader/venvTelegram/lib/python3.12/site-packages/telethon/client/users.py", line 30, in __call__
    return await self._call(self._sender, request, ordered=ordered)
           ^^^^^^^^^^^^^^^^^^^^^^^^^^^^^^^^^^^^^^^^^^^^^^^^^^^^^^^^
  File "/mnt/Mirror/TelegramBot/TelegramMediaDownloader/venvTelegram/lib/python3.12/site-packages/telethon/client/users.py", line 72, in _call
    future = sender.send(request, ordered=ordered)
             ^^^^^^^^^^^^^^^^^^^^^^^^^^^^^^^^^^^^^
  File "/mnt/Mirror/TelegramBot/TelegramMediaDownloader/venvTelegram/lib/python3.12/site-packages/telethon/network/mtprotosender.py", line 178, in send
    raise ConnectionError('Cannot send requests while disconnected')
ConnectionError: Cannot send requests while disconnected
Unhandled exception on handler
Traceback (most recent call last):
  File "/mnt/Mirror/TelegramBot/TelegramMediaDownloader/venvTelegram/lib/python3.12/site-packages/telethon/client/updates.py", line 96, in run_until_disconnected
    return self.loop.run_until_complete(self._run_until_disconnected())
           ^^^^^^^^^^^^^^^^^^^^^^^^^^^^^^^^^^^^^^^^^^^^^^^^^^^^^^^^^^^^
  File "/usr/lib/python3.12/asyncio/base_events.py", line 674, in run_until_complete
    self.run_forever()
  File "/usr/lib/python3.12/asyncio/base_events.py", line 641, in run_forever
    self._run_once()
  File "/usr/lib/python3.12/asyncio/base_events.py", line 1987, in _run_once
    handle._run()
  File "/usr/lib/python3.12/asyncio/events.py", line 88, in _run
    self._context.run(self._callback, *self._args)
  File "/mnt/Mirror/TelegramBot/TelegramMediaDownloader/venvTelegram/lib/python3.12/site-packages/telethon/client/updates.py", line 574, in _dispatch_update
    await callback(event)
  File "/mnt/Mirror/TelegramBot/TelegramMediaDownloader/beta.py", line 398, in menu_handler
    exit()
  File "<frozen _sitebuiltins>", line 26, in __call__
SystemExit: None

During handling of the above exception, another exception occurred:

Traceback (most recent call last):
  File "/mnt/Mirror/TelegramBot/TelegramMediaDownloader/beta.py", line 63, in descargarArchivos
    await enviarMensaje(f"{file_name} ha sido iniciado como descarga")
  File "/mnt/Mirror/TelegramBot/TelegramMediaDownloader/beta.py", line 215, in enviarMensaje
    await client.send_message(chat_personal, msj)
  File "/mnt/Mirror/TelegramBot/TelegramMediaDownloader/venvTelegram/lib/python3.12/site-packages/telethon/client/messages.py", line 926, in send_message
    result = await self(request)
             ^^^^^^^^^^^^^^^^^^^
  File "/mnt/Mirror/TelegramBot/TelegramMediaDownloader/venvTelegram/lib/python3.12/site-packages/telethon/client/users.py", line 30, in __call__
    return await self._call(self._sender, request, ordered=ordered)
           ^^^^^^^^^^^^^^^^^^^^^^^^^^^^^^^^^^^^^^^^^^^^^^^^^^^^^^^^
  File "/mnt/Mirror/TelegramBot/TelegramMediaDownloader/venvTelegram/lib/python3.12/site-packages/telethon/client/users.py", line 72, in _call
    future = sender.send(request, ordered=ordered)
             ^^^^^^^^^^^^^^^^^^^^^^^^^^^^^^^^^^^^^
  File "/mnt/Mirror/TelegramBot/TelegramMediaDownloader/venvTelegram/lib/python3.12/site-packages/telethon/network/mtprotosender.py", line 178, in send
    raise ConnectionError('Cannot send requests while disconnected')
ConnectionError: Cannot send requests while disconnected

During handling of the above exception, another exception occurred:

Traceback (most recent call last):
  File "/mnt/Mirror/TelegramBot/TelegramMediaDownloader/venvTelegram/lib/python3.12/site-packages/telethon/client/updates.py", line 574, in _dispatch_update
    await callback(event)
  File "/mnt/Mirror/TelegramBot/TelegramMediaDownloader/beta.py", line 426, in handler
    await descargarArchivos(client, event, file_name)
  File "/mnt/Mirror/TelegramBot/TelegramMediaDownloader/beta.py", line 86, in descargarArchivos
    await client.send_message(chat_personal, f"No se pudo descargar {file_name} por culpa de {e}")
  File "/mnt/Mirror/TelegramBot/TelegramMediaDownloader/venvTelegram/lib/python3.12/site-packages/telethon/client/messages.py", line 926, in send_message
    result = await self(request)
             ^^^^^^^^^^^^^^^^^^^
  File "/mnt/Mirror/TelegramBot/TelegramMediaDownloader/venvTelegram/lib/python3.12/site-packages/telethon/client/users.py", line 30, in __call__
    return await self._call(self._sender, request, ordered=ordered)
           ^^^^^^^^^^^^^^^^^^^^^^^^^^^^^^^^^^^^^^^^^^^^^^^^^^^^^^^^
  File "/mnt/Mirror/TelegramBot/TelegramMediaDownloader/venvTelegram/lib/python3.12/site-packages/telethon/client/users.py", line 72, in _call
    future = sender.send(request, ordered=ordered)
             ^^^^^^^^^^^^^^^^^^^^^^^^^^^^^^^^^^^^^
  File "/mnt/Mirror/TelegramBot/TelegramMediaDownloader/venvTelegram/lib/python3.12/site-packages/telethon/network/mtprotosender.py", line 178, in send
    raise ConnectionError('Cannot send requests while disconnected')
ConnectionError: Cannot send requests while disconnected
Unhandled exception on handler
Traceback (most recent call last):
  File "/mnt/Mirror/TelegramBot/TelegramMediaDownloader/venvTelegram/lib/python3.12/site-packages/telethon/client/updates.py", line 96, in run_until_disconnected
    return self.loop.run_until_complete(self._run_until_disconnected())
           ^^^^^^^^^^^^^^^^^^^^^^^^^^^^^^^^^^^^^^^^^^^^^^^^^^^^^^^^^^^^
  File "/usr/lib/python3.12/asyncio/base_events.py", line 674, in run_until_complete
    self.run_forever()
  File "/usr/lib/python3.12/asyncio/base_events.py", line 641, in run_forever
    self._run_once()
  File "/usr/lib/python3.12/asyncio/base_events.py", line 1987, in _run_once
    handle._run()
  File "/usr/lib/python3.12/asyncio/events.py", line 88, in _run
    self._context.run(self._callback, *self._args)
  File "/mnt/Mirror/TelegramBot/TelegramMediaDownloader/venvTelegram/lib/python3.12/site-packages/telethon/client/updates.py", line 574, in _dispatch_update
    await callback(event)
  File "/mnt/Mirror/TelegramBot/TelegramMediaDownloader/beta.py", line 398, in menu_handler
    exit()
  File "<frozen _sitebuiltins>", line 26, in __call__
SystemExit: None

During handling of the above exception, another exception occurred:

Traceback (most recent call last):
  File "/mnt/Mirror/TelegramBot/TelegramMediaDownloader/beta.py", line 63, in descargarArchivos
    await enviarMensaje(f"{file_name} ha sido iniciado como descarga")
  File "/mnt/Mirror/TelegramBot/TelegramMediaDownloader/beta.py", line 215, in enviarMensaje
    await client.send_message(chat_personal, msj)
  File "/mnt/Mirror/TelegramBot/TelegramMediaDownloader/venvTelegram/lib/python3.12/site-packages/telethon/client/messages.py", line 926, in send_message
    result = await self(request)
             ^^^^^^^^^^^^^^^^^^^
  File "/mnt/Mirror/TelegramBot/TelegramMediaDownloader/venvTelegram/lib/python3.12/site-packages/telethon/client/users.py", line 30, in __call__
    return await self._call(self._sender, request, ordered=ordered)
           ^^^^^^^^^^^^^^^^^^^^^^^^^^^^^^^^^^^^^^^^^^^^^^^^^^^^^^^^
  File "/mnt/Mirror/TelegramBot/TelegramMediaDownloader/venvTelegram/lib/python3.12/site-packages/telethon/client/users.py", line 72, in _call
    future = sender.send(request, ordered=ordered)
             ^^^^^^^^^^^^^^^^^^^^^^^^^^^^^^^^^^^^^
  File "/mnt/Mirror/TelegramBot/TelegramMediaDownloader/venvTelegram/lib/python3.12/site-packages/telethon/network/mtprotosender.py", line 178, in send
    raise ConnectionError('Cannot send requests while disconnected')
ConnectionError: Cannot send requests while disconnected

During handling of the above exception, another exception occurred:

Traceback (most recent call last):
  File "/mnt/Mirror/TelegramBot/TelegramMediaDownloader/venvTelegram/lib/python3.12/site-packages/telethon/client/updates.py", line 574, in _dispatch_update
    await callback(event)
  File "/mnt/Mirror/TelegramBot/TelegramMediaDownloader/beta.py", line 426, in handler
    await descargarArchivos(client, event, file_name)
  File "/mnt/Mirror/TelegramBot/TelegramMediaDownloader/beta.py", line 86, in descargarArchivos
    await client.send_message(chat_personal, f"No se pudo descargar {file_name} por culpa de {e}")
  File "/mnt/Mirror/TelegramBot/TelegramMediaDownloader/venvTelegram/lib/python3.12/site-packages/telethon/client/messages.py", line 926, in send_message
    result = await self(request)
             ^^^^^^^^^^^^^^^^^^^
  File "/mnt/Mirror/TelegramBot/TelegramMediaDownloader/venvTelegram/lib/python3.12/site-packages/telethon/client/users.py", line 30, in __call__
    return await self._call(self._sender, request, ordered=ordered)
           ^^^^^^^^^^^^^^^^^^^^^^^^^^^^^^^^^^^^^^^^^^^^^^^^^^^^^^^^
  File "/mnt/Mirror/TelegramBot/TelegramMediaDownloader/venvTelegram/lib/python3.12/site-packages/telethon/client/users.py", line 72, in _call
    future = sender.send(request, ordered=ordered)
             ^^^^^^^^^^^^^^^^^^^^^^^^^^^^^^^^^^^^^
  File "/mnt/Mirror/TelegramBot/TelegramMediaDownloader/venvTelegram/lib/python3.12/site-packages/telethon/network/mtprotosender.py", line 178, in send
    raise ConnectionError('Cannot send requests while disconnected')
ConnectionError: Cannot send requests while disconnected
Unhandled exception on handler
Traceback (most recent call last):
  File "/mnt/Mirror/TelegramBot/TelegramMediaDownloader/venvTelegram/lib/python3.12/site-packages/telethon/client/updates.py", line 96, in run_until_disconnected
    return self.loop.run_until_complete(self._run_until_disconnected())
           ^^^^^^^^^^^^^^^^^^^^^^^^^^^^^^^^^^^^^^^^^^^^^^^^^^^^^^^^^^^^
  File "/usr/lib/python3.12/asyncio/base_events.py", line 674, in run_until_complete
    self.run_forever()
  File "/usr/lib/python3.12/asyncio/base_events.py", line 641, in run_forever
    self._run_once()
  File "/usr/lib/python3.12/asyncio/base_events.py", line 1987, in _run_once
    handle._run()
  File "/usr/lib/python3.12/asyncio/events.py", line 88, in _run
    self._context.run(self._callback, *self._args)
  File "/mnt/Mirror/TelegramBot/TelegramMediaDownloader/venvTelegram/lib/python3.12/site-packages/telethon/client/updates.py", line 574, in _dispatch_update
    await callback(event)
  File "/mnt/Mirror/TelegramBot/TelegramMediaDownloader/beta.py", line 398, in menu_handler
    exit()
  File "<frozen _sitebuiltins>", line 26, in __call__
SystemExit: None

During handling of the above exception, another exception occurred:

Traceback (most recent call last):
  File "/mnt/Mirror/TelegramBot/TelegramMediaDownloader/beta.py", line 63, in descargarArchivos
    await enviarMensaje(f"{file_name} ha sido iniciado como descarga")
  File "/mnt/Mirror/TelegramBot/TelegramMediaDownloader/beta.py", line 215, in enviarMensaje
    await client.send_message(chat_personal, msj)
  File "/mnt/Mirror/TelegramBot/TelegramMediaDownloader/venvTelegram/lib/python3.12/site-packages/telethon/client/messages.py", line 926, in send_message
    result = await self(request)
             ^^^^^^^^^^^^^^^^^^^
  File "/mnt/Mirror/TelegramBot/TelegramMediaDownloader/venvTelegram/lib/python3.12/site-packages/telethon/client/users.py", line 30, in __call__
    return await self._call(self._sender, request, ordered=ordered)
           ^^^^^^^^^^^^^^^^^^^^^^^^^^^^^^^^^^^^^^^^^^^^^^^^^^^^^^^^
  File "/mnt/Mirror/TelegramBot/TelegramMediaDownloader/venvTelegram/lib/python3.12/site-packages/telethon/client/users.py", line 72, in _call
    future = sender.send(request, ordered=ordered)
             ^^^^^^^^^^^^^^^^^^^^^^^^^^^^^^^^^^^^^
  File "/mnt/Mirror/TelegramBot/TelegramMediaDownloader/venvTelegram/lib/python3.12/site-packages/telethon/network/mtprotosender.py", line 178, in send
    raise ConnectionError('Cannot send requests while disconnected')
ConnectionError: Cannot send requests while disconnected

During handling of the above exception, another exception occurred:

Traceback (most recent call last):
  File "/mnt/Mirror/TelegramBot/TelegramMediaDownloader/venvTelegram/lib/python3.12/site-packages/telethon/client/updates.py", line 574, in _dispatch_update
    await callback(event)
  File "/mnt/Mirror/TelegramBot/TelegramMediaDownloader/beta.py", line 426, in handler
    await descargarArchivos(client, event, file_name)
  File "/mnt/Mirror/TelegramBot/TelegramMediaDownloader/beta.py", line 86, in descargarArchivos
    await client.send_message(chat_personal, f"No se pudo descargar {file_name} por culpa de {e}")
  File "/mnt/Mirror/TelegramBot/TelegramMediaDownloader/venvTelegram/lib/python3.12/site-packages/telethon/client/messages.py", line 926, in send_message
    result = await self(request)
             ^^^^^^^^^^^^^^^^^^^
  File "/mnt/Mirror/TelegramBot/TelegramMediaDownloader/venvTelegram/lib/python3.12/site-packages/telethon/client/users.py", line 30, in __call__
    return await self._call(self._sender, request, ordered=ordered)
           ^^^^^^^^^^^^^^^^^^^^^^^^^^^^^^^^^^^^^^^^^^^^^^^^^^^^^^^^
  File "/mnt/Mirror/TelegramBot/TelegramMediaDownloader/venvTelegram/lib/python3.12/site-packages/telethon/client/users.py", line 72, in _call
    future = sender.send(request, ordered=ordered)
             ^^^^^^^^^^^^^^^^^^^^^^^^^^^^^^^^^^^^^
  File "/mnt/Mirror/TelegramBot/TelegramMediaDownloader/venvTelegram/lib/python3.12/site-packages/telethon/network/mtprotosender.py", line 178, in send
    raise ConnectionError('Cannot send requests while disconnected')
ConnectionError: Cannot send requests while disconnected
Unhandled exception on handler
Traceback (most recent call last):
  File "/mnt/Mirror/TelegramBot/TelegramMediaDownloader/venvTelegram/lib/python3.12/site-packages/telethon/client/updates.py", line 96, in run_until_disconnected
    return self.loop.run_until_complete(self._run_until_disconnected())
           ^^^^^^^^^^^^^^^^^^^^^^^^^^^^^^^^^^^^^^^^^^^^^^^^^^^^^^^^^^^^
  File "/usr/lib/python3.12/asyncio/base_events.py", line 674, in run_until_complete
    self.run_forever()
  File "/usr/lib/python3.12/asyncio/base_events.py", line 641, in run_forever
    self._run_once()
  File "/usr/lib/python3.12/asyncio/base_events.py", line 1987, in _run_once
    handle._run()
  File "/usr/lib/python3.12/asyncio/events.py", line 88, in _run
    self._context.run(self._callback, *self._args)
  File "/mnt/Mirror/TelegramBot/TelegramMediaDownloader/venvTelegram/lib/python3.12/site-packages/telethon/client/updates.py", line 574, in _dispatch_update
    await callback(event)
  File "/mnt/Mirror/TelegramBot/TelegramMediaDownloader/beta.py", line 398, in menu_handler
    exit()
  File "<frozen _sitebuiltins>", line 26, in __call__
SystemExit: None

During handling of the above exception, another exception occurred:

Traceback (most recent call last):
  File "/mnt/Mirror/TelegramBot/TelegramMediaDownloader/beta.py", line 63, in descargarArchivos
    await enviarMensaje(f"{file_name} ha sido iniciado como descarga")
  File "/mnt/Mirror/TelegramBot/TelegramMediaDownloader/beta.py", line 215, in enviarMensaje
    await client.send_message(chat_personal, msj)
  File "/mnt/Mirror/TelegramBot/TelegramMediaDownloader/venvTelegram/lib/python3.12/site-packages/telethon/client/messages.py", line 926, in send_message
    result = await self(request)
             ^^^^^^^^^^^^^^^^^^^
  File "/mnt/Mirror/TelegramBot/TelegramMediaDownloader/venvTelegram/lib/python3.12/site-packages/telethon/client/users.py", line 30, in __call__
    return await self._call(self._sender, request, ordered=ordered)
           ^^^^^^^^^^^^^^^^^^^^^^^^^^^^^^^^^^^^^^^^^^^^^^^^^^^^^^^^
  File "/mnt/Mirror/TelegramBot/TelegramMediaDownloader/venvTelegram/lib/python3.12/site-packages/telethon/client/users.py", line 72, in _call
    future = sender.send(request, ordered=ordered)
             ^^^^^^^^^^^^^^^^^^^^^^^^^^^^^^^^^^^^^
  File "/mnt/Mirror/TelegramBot/TelegramMediaDownloader/venvTelegram/lib/python3.12/site-packages/telethon/network/mtprotosender.py", line 178, in send
    raise ConnectionError('Cannot send requests while disconnected')
ConnectionError: Cannot send requests while disconnected

During handling of the above exception, another exception occurred:

Traceback (most recent call last):
  File "/mnt/Mirror/TelegramBot/TelegramMediaDownloader/venvTelegram/lib/python3.12/site-packages/telethon/client/updates.py", line 574, in _dispatch_update
    await callback(event)
  File "/mnt/Mirror/TelegramBot/TelegramMediaDownloader/beta.py", line 426, in handler
    await descargarArchivos(client, event, file_name)
  File "/mnt/Mirror/TelegramBot/TelegramMediaDownloader/beta.py", line 86, in descargarArchivos
    await client.send_message(chat_personal, f"No se pudo descargar {file_name} por culpa de {e}")
  File "/mnt/Mirror/TelegramBot/TelegramMediaDownloader/venvTelegram/lib/python3.12/site-packages/telethon/client/messages.py", line 926, in send_message
    result = await self(request)
             ^^^^^^^^^^^^^^^^^^^
  File "/mnt/Mirror/TelegramBot/TelegramMediaDownloader/venvTelegram/lib/python3.12/site-packages/telethon/client/users.py", line 30, in __call__
    return await self._call(self._sender, request, ordered=ordered)
           ^^^^^^^^^^^^^^^^^^^^^^^^^^^^^^^^^^^^^^^^^^^^^^^^^^^^^^^^
  File "/mnt/Mirror/TelegramBot/TelegramMediaDownloader/venvTelegram/lib/python3.12/site-packages/telethon/client/users.py", line 72, in _call
    future = sender.send(request, ordered=ordered)
             ^^^^^^^^^^^^^^^^^^^^^^^^^^^^^^^^^^^^^
  File "/mnt/Mirror/TelegramBot/TelegramMediaDownloader/venvTelegram/lib/python3.12/site-packages/telethon/network/mtprotosender.py", line 178, in send
    raise ConnectionError('Cannot send requests while disconnected')
ConnectionError: Cannot send requests while disconnected
Unhandled exception on handler
Traceback (most recent call last):
  File "/mnt/Mirror/TelegramBot/TelegramMediaDownloader/venvTelegram/lib/python3.12/site-packages/telethon/client/updates.py", line 96, in run_until_disconnected
    return self.loop.run_until_complete(self._run_until_disconnected())
           ^^^^^^^^^^^^^^^^^^^^^^^^^^^^^^^^^^^^^^^^^^^^^^^^^^^^^^^^^^^^
  File "/usr/lib/python3.12/asyncio/base_events.py", line 674, in run_until_complete
    self.run_forever()
  File "/usr/lib/python3.12/asyncio/base_events.py", line 641, in run_forever
    self._run_once()
  File "/usr/lib/python3.12/asyncio/base_events.py", line 1987, in _run_once
    handle._run()
  File "/usr/lib/python3.12/asyncio/events.py", line 88, in _run
    self._context.run(self._callback, *self._args)
  File "/mnt/Mirror/TelegramBot/TelegramMediaDownloader/venvTelegram/lib/python3.12/site-packages/telethon/client/updates.py", line 574, in _dispatch_update
    await callback(event)
  File "/mnt/Mirror/TelegramBot/TelegramMediaDownloader/beta.py", line 398, in menu_handler
    exit()
  File "<frozen _sitebuiltins>", line 26, in __call__
SystemExit: None

During handling of the above exception, another exception occurred:

Traceback (most recent call last):
  File "/mnt/Mirror/TelegramBot/TelegramMediaDownloader/beta.py", line 63, in descargarArchivos
    await enviarMensaje(f"{file_name} ha sido iniciado como descarga")
  File "/mnt/Mirror/TelegramBot/TelegramMediaDownloader/beta.py", line 215, in enviarMensaje
    await client.send_message(chat_personal, msj)
  File "/mnt/Mirror/TelegramBot/TelegramMediaDownloader/venvTelegram/lib/python3.12/site-packages/telethon/client/messages.py", line 926, in send_message
    result = await self(request)
             ^^^^^^^^^^^^^^^^^^^
  File "/mnt/Mirror/TelegramBot/TelegramMediaDownloader/venvTelegram/lib/python3.12/site-packages/telethon/client/users.py", line 30, in __call__
    return await self._call(self._sender, request, ordered=ordered)
           ^^^^^^^^^^^^^^^^^^^^^^^^^^^^^^^^^^^^^^^^^^^^^^^^^^^^^^^^
  File "/mnt/Mirror/TelegramBot/TelegramMediaDownloader/venvTelegram/lib/python3.12/site-packages/telethon/client/users.py", line 72, in _call
    future = sender.send(request, ordered=ordered)
             ^^^^^^^^^^^^^^^^^^^^^^^^^^^^^^^^^^^^^
  File "/mnt/Mirror/TelegramBot/TelegramMediaDownloader/venvTelegram/lib/python3.12/site-packages/telethon/network/mtprotosender.py", line 178, in send
    raise ConnectionError('Cannot send requests while disconnected')
ConnectionError: Cannot send requests while disconnected

During handling of the above exception, another exception occurred:

Traceback (most recent call last):
  File "/mnt/Mirror/TelegramBot/TelegramMediaDownloader/venvTelegram/lib/python3.12/site-packages/telethon/client/updates.py", line 574, in _dispatch_update
    await callback(event)
  File "/mnt/Mirror/TelegramBot/TelegramMediaDownloader/beta.py", line 426, in handler
    await descargarArchivos(client, event, file_name)
  File "/mnt/Mirror/TelegramBot/TelegramMediaDownloader/beta.py", line 86, in descargarArchivos
    await client.send_message(chat_personal, f"No se pudo descargar {file_name} por culpa de {e}")
  File "/mnt/Mirror/TelegramBot/TelegramMediaDownloader/venvTelegram/lib/python3.12/site-packages/telethon/client/messages.py", line 926, in send_message
    result = await self(request)
             ^^^^^^^^^^^^^^^^^^^
  File "/mnt/Mirror/TelegramBot/TelegramMediaDownloader/venvTelegram/lib/python3.12/site-packages/telethon/client/users.py", line 30, in __call__
    return await self._call(self._sender, request, ordered=ordered)
           ^^^^^^^^^^^^^^^^^^^^^^^^^^^^^^^^^^^^^^^^^^^^^^^^^^^^^^^^
  File "/mnt/Mirror/TelegramBot/TelegramMediaDownloader/venvTelegram/lib/python3.12/site-packages/telethon/client/users.py", line 72, in _call
    future = sender.send(request, ordered=ordered)
             ^^^^^^^^^^^^^^^^^^^^^^^^^^^^^^^^^^^^^
  File "/mnt/Mirror/TelegramBot/TelegramMediaDownloader/venvTelegram/lib/python3.12/site-packages/telethon/network/mtprotosender.py", line 178, in send
    raise ConnectionError('Cannot send requests while disconnected')
ConnectionError: Cannot send requests while disconnected
Unhandled exception on handler
Traceback (most recent call last):
  File "/mnt/Mirror/TelegramBot/TelegramMediaDownloader/venvTelegram/lib/python3.12/site-packages/telethon/client/updates.py", line 96, in run_until_disconnected
    return self.loop.run_until_complete(self._run_until_disconnected())
           ^^^^^^^^^^^^^^^^^^^^^^^^^^^^^^^^^^^^^^^^^^^^^^^^^^^^^^^^^^^^
  File "/usr/lib/python3.12/asyncio/base_events.py", line 674, in run_until_complete
    self.run_forever()
  File "/usr/lib/python3.12/asyncio/base_events.py", line 641, in run_forever
    self._run_once()
  File "/usr/lib/python3.12/asyncio/base_events.py", line 1987, in _run_once
    handle._run()
  File "/usr/lib/python3.12/asyncio/events.py", line 88, in _run
    self._context.run(self._callback, *self._args)
  File "/mnt/Mirror/TelegramBot/TelegramMediaDownloader/venvTelegram/lib/python3.12/site-packages/telethon/client/updates.py", line 574, in _dispatch_update
    await callback(event)
  File "/mnt/Mirror/TelegramBot/TelegramMediaDownloader/beta.py", line 398, in menu_handler
    exit()
  File "<frozen _sitebuiltins>", line 26, in __call__
SystemExit: None

During handling of the above exception, another exception occurred:

Traceback (most recent call last):
  File "/mnt/Mirror/TelegramBot/TelegramMediaDownloader/beta.py", line 63, in descargarArchivos
    await enviarMensaje(f"{file_name} ha sido iniciado como descarga")
  File "/mnt/Mirror/TelegramBot/TelegramMediaDownloader/beta.py", line 215, in enviarMensaje
    await client.send_message(chat_personal, msj)
  File "/mnt/Mirror/TelegramBot/TelegramMediaDownloader/venvTelegram/lib/python3.12/site-packages/telethon/client/messages.py", line 926, in send_message
    result = await self(request)
             ^^^^^^^^^^^^^^^^^^^
  File "/mnt/Mirror/TelegramBot/TelegramMediaDownloader/venvTelegram/lib/python3.12/site-packages/telethon/client/users.py", line 30, in __call__
    return await self._call(self._sender, request, ordered=ordered)
           ^^^^^^^^^^^^^^^^^^^^^^^^^^^^^^^^^^^^^^^^^^^^^^^^^^^^^^^^
  File "/mnt/Mirror/TelegramBot/TelegramMediaDownloader/venvTelegram/lib/python3.12/site-packages/telethon/client/users.py", line 72, in _call
    future = sender.send(request, ordered=ordered)
             ^^^^^^^^^^^^^^^^^^^^^^^^^^^^^^^^^^^^^
  File "/mnt/Mirror/TelegramBot/TelegramMediaDownloader/venvTelegram/lib/python3.12/site-packages/telethon/network/mtprotosender.py", line 178, in send
    raise ConnectionError('Cannot send requests while disconnected')
ConnectionError: Cannot send requests while disconnected

During handling of the above exception, another exception occurred:

Traceback (most recent call last):
  File "/mnt/Mirror/TelegramBot/TelegramMediaDownloader/venvTelegram/lib/python3.12/site-packages/telethon/client/updates.py", line 574, in _dispatch_update
    await callback(event)
  File "/mnt/Mirror/TelegramBot/TelegramMediaDownloader/beta.py", line 426, in handler
    await descargarArchivos(client, event, file_name)
  File "/mnt/Mirror/TelegramBot/TelegramMediaDownloader/beta.py", line 86, in descargarArchivos
    await client.send_message(chat_personal, f"No se pudo descargar {file_name} por culpa de {e}")
  File "/mnt/Mirror/TelegramBot/TelegramMediaDownloader/venvTelegram/lib/python3.12/site-packages/telethon/client/messages.py", line 926, in send_message
    result = await self(request)
             ^^^^^^^^^^^^^^^^^^^
  File "/mnt/Mirror/TelegramBot/TelegramMediaDownloader/venvTelegram/lib/python3.12/site-packages/telethon/client/users.py", line 30, in __call__
    return await self._call(self._sender, request, ordered=ordered)
           ^^^^^^^^^^^^^^^^^^^^^^^^^^^^^^^^^^^^^^^^^^^^^^^^^^^^^^^^
  File "/mnt/Mirror/TelegramBot/TelegramMediaDownloader/venvTelegram/lib/python3.12/site-packages/telethon/client/users.py", line 72, in _call
    future = sender.send(request, ordered=ordered)
             ^^^^^^^^^^^^^^^^^^^^^^^^^^^^^^^^^^^^^
  File "/mnt/Mirror/TelegramBot/TelegramMediaDownloader/venvTelegram/lib/python3.12/site-packages/telethon/network/mtprotosender.py", line 178, in send
    raise ConnectionError('Cannot send requests while disconnected')
ConnectionError: Cannot send requests while disconnected
Unhandled exception on handler
Traceback (most recent call last):
  File "/mnt/Mirror/TelegramBot/TelegramMediaDownloader/venvTelegram/lib/python3.12/site-packages/telethon/client/updates.py", line 96, in run_until_disconnected
    return self.loop.run_until_complete(self._run_until_disconnected())
           ^^^^^^^^^^^^^^^^^^^^^^^^^^^^^^^^^^^^^^^^^^^^^^^^^^^^^^^^^^^^
  File "/usr/lib/python3.12/asyncio/base_events.py", line 674, in run_until_complete
    self.run_forever()
  File "/usr/lib/python3.12/asyncio/base_events.py", line 641, in run_forever
    self._run_once()
  File "/usr/lib/python3.12/asyncio/base_events.py", line 1987, in _run_once
    handle._run()
  File "/usr/lib/python3.12/asyncio/events.py", line 88, in _run
    self._context.run(self._callback, *self._args)
  File "/mnt/Mirror/TelegramBot/TelegramMediaDownloader/venvTelegram/lib/python3.12/site-packages/telethon/client/updates.py", line 574, in _dispatch_update
    await callback(event)
  File "/mnt/Mirror/TelegramBot/TelegramMediaDownloader/beta.py", line 398, in menu_handler
    exit()
  File "<frozen _sitebuiltins>", line 26, in __call__
SystemExit: None

During handling of the above exception, another exception occurred:

Traceback (most recent call last):
  File "/mnt/Mirror/TelegramBot/TelegramMediaDownloader/beta.py", line 63, in descargarArchivos
    await enviarMensaje(f"{file_name} ha sido iniciado como descarga")
  File "/mnt/Mirror/TelegramBot/TelegramMediaDownloader/beta.py", line 215, in enviarMensaje
    await client.send_message(chat_personal, msj)
  File "/mnt/Mirror/TelegramBot/TelegramMediaDownloader/venvTelegram/lib/python3.12/site-packages/telethon/client/messages.py", line 926, in send_message
    result = await self(request)
             ^^^^^^^^^^^^^^^^^^^
  File "/mnt/Mirror/TelegramBot/TelegramMediaDownloader/venvTelegram/lib/python3.12/site-packages/telethon/client/users.py", line 30, in __call__
    return await self._call(self._sender, request, ordered=ordered)
           ^^^^^^^^^^^^^^^^^^^^^^^^^^^^^^^^^^^^^^^^^^^^^^^^^^^^^^^^
  File "/mnt/Mirror/TelegramBot/TelegramMediaDownloader/venvTelegram/lib/python3.12/site-packages/telethon/client/users.py", line 72, in _call
    future = sender.send(request, ordered=ordered)
             ^^^^^^^^^^^^^^^^^^^^^^^^^^^^^^^^^^^^^
  File "/mnt/Mirror/TelegramBot/TelegramMediaDownloader/venvTelegram/lib/python3.12/site-packages/telethon/network/mtprotosender.py", line 178, in send
    raise ConnectionError('Cannot send requests while disconnected')
ConnectionError: Cannot send requests while disconnected

During handling of the above exception, another exception occurred:

Traceback (most recent call last):
  File "/mnt/Mirror/TelegramBot/TelegramMediaDownloader/venvTelegram/lib/python3.12/site-packages/telethon/client/updates.py", line 574, in _dispatch_update
    await callback(event)
  File "/mnt/Mirror/TelegramBot/TelegramMediaDownloader/beta.py", line 426, in handler
    await descargarArchivos(client, event, file_name)
  File "/mnt/Mirror/TelegramBot/TelegramMediaDownloader/beta.py", line 86, in descargarArchivos
    await client.send_message(chat_personal, f"No se pudo descargar {file_name} por culpa de {e}")
  File "/mnt/Mirror/TelegramBot/TelegramMediaDownloader/venvTelegram/lib/python3.12/site-packages/telethon/client/messages.py", line 926, in send_message
    result = await self(request)
             ^^^^^^^^^^^^^^^^^^^
  File "/mnt/Mirror/TelegramBot/TelegramMediaDownloader/venvTelegram/lib/python3.12/site-packages/telethon/client/users.py", line 30, in __call__
    return await self._call(self._sender, request, ordered=ordered)
           ^^^^^^^^^^^^^^^^^^^^^^^^^^^^^^^^^^^^^^^^^^^^^^^^^^^^^^^^
  File "/mnt/Mirror/TelegramBot/TelegramMediaDownloader/venvTelegram/lib/python3.12/site-packages/telethon/client/users.py", line 72, in _call
    future = sender.send(request, ordered=ordered)
             ^^^^^^^^^^^^^^^^^^^^^^^^^^^^^^^^^^^^^
  File "/mnt/Mirror/TelegramBot/TelegramMediaDownloader/venvTelegram/lib/python3.12/site-packages/telethon/network/mtprotosender.py", line 178, in send
    raise ConnectionError('Cannot send requests while disconnected')
ConnectionError: Cannot send requests while disconnected
Unhandled exception on handler
Traceback (most recent call last):
  File "/mnt/Mirror/TelegramBot/TelegramMediaDownloader/venvTelegram/lib/python3.12/site-packages/telethon/client/updates.py", line 96, in run_until_disconnected
    return self.loop.run_until_complete(self._run_until_disconnected())
           ^^^^^^^^^^^^^^^^^^^^^^^^^^^^^^^^^^^^^^^^^^^^^^^^^^^^^^^^^^^^
  File "/usr/lib/python3.12/asyncio/base_events.py", line 674, in run_until_complete
    self.run_forever()
  File "/usr/lib/python3.12/asyncio/base_events.py", line 641, in run_forever
    self._run_once()
  File "/usr/lib/python3.12/asyncio/base_events.py", line 1987, in _run_once
    handle._run()
  File "/usr/lib/python3.12/asyncio/events.py", line 88, in _run
    self._context.run(self._callback, *self._args)
  File "/mnt/Mirror/TelegramBot/TelegramMediaDownloader/venvTelegram/lib/python3.12/site-packages/telethon/client/updates.py", line 574, in _dispatch_update
    await callback(event)
  File "/mnt/Mirror/TelegramBot/TelegramMediaDownloader/beta.py", line 398, in menu_handler
    exit()
  File "<frozen _sitebuiltins>", line 26, in __call__
SystemExit: None

During handling of the above exception, another exception occurred:

Traceback (most recent call last):
  File "/mnt/Mirror/TelegramBot/TelegramMediaDownloader/beta.py", line 63, in descargarArchivos
    await enviarMensaje(f"{file_name} ha sido iniciado como descarga")
  File "/mnt/Mirror/TelegramBot/TelegramMediaDownloader/beta.py", line 215, in enviarMensaje
    await client.send_message(chat_personal, msj)
  File "/mnt/Mirror/TelegramBot/TelegramMediaDownloader/venvTelegram/lib/python3.12/site-packages/telethon/client/messages.py", line 926, in send_message
    result = await self(request)
             ^^^^^^^^^^^^^^^^^^^
  File "/mnt/Mirror/TelegramBot/TelegramMediaDownloader/venvTelegram/lib/python3.12/site-packages/telethon/client/users.py", line 30, in __call__
    return await self._call(self._sender, request, ordered=ordered)
           ^^^^^^^^^^^^^^^^^^^^^^^^^^^^^^^^^^^^^^^^^^^^^^^^^^^^^^^^
  File "/mnt/Mirror/TelegramBot/TelegramMediaDownloader/venvTelegram/lib/python3.12/site-packages/telethon/client/users.py", line 72, in _call
    future = sender.send(request, ordered=ordered)
             ^^^^^^^^^^^^^^^^^^^^^^^^^^^^^^^^^^^^^
  File "/mnt/Mirror/TelegramBot/TelegramMediaDownloader/venvTelegram/lib/python3.12/site-packages/telethon/network/mtprotosender.py", line 178, in send
    raise ConnectionError('Cannot send requests while disconnected')
ConnectionError: Cannot send requests while disconnected

During handling of the above exception, another exception occurred:

Traceback (most recent call last):
  File "/mnt/Mirror/TelegramBot/TelegramMediaDownloader/venvTelegram/lib/python3.12/site-packages/telethon/client/updates.py", line 574, in _dispatch_update
    await callback(event)
  File "/mnt/Mirror/TelegramBot/TelegramMediaDownloader/beta.py", line 426, in handler
    await descargarArchivos(client, event, file_name)
  File "/mnt/Mirror/TelegramBot/TelegramMediaDownloader/beta.py", line 86, in descargarArchivos
    await client.send_message(chat_personal, f"No se pudo descargar {file_name} por culpa de {e}")
  File "/mnt/Mirror/TelegramBot/TelegramMediaDownloader/venvTelegram/lib/python3.12/site-packages/telethon/client/messages.py", line 926, in send_message
    result = await self(request)
             ^^^^^^^^^^^^^^^^^^^
  File "/mnt/Mirror/TelegramBot/TelegramMediaDownloader/venvTelegram/lib/python3.12/site-packages/telethon/client/users.py", line 30, in __call__
    return await self._call(self._sender, request, ordered=ordered)
           ^^^^^^^^^^^^^^^^^^^^^^^^^^^^^^^^^^^^^^^^^^^^^^^^^^^^^^^^
  File "/mnt/Mirror/TelegramBot/TelegramMediaDownloader/venvTelegram/lib/python3.12/site-packages/telethon/client/users.py", line 72, in _call
    future = sender.send(request, ordered=ordered)
             ^^^^^^^^^^^^^^^^^^^^^^^^^^^^^^^^^^^^^
  File "/mnt/Mirror/TelegramBot/TelegramMediaDownloader/venvTelegram/lib/python3.12/site-packages/telethon/network/mtprotosender.py", line 178, in send
    raise ConnectionError('Cannot send requests while disconnected')
ConnectionError: Cannot send requests while disconnected
Unhandled exception on handler
Traceback (most recent call last):
  File "/mnt/Mirror/TelegramBot/TelegramMediaDownloader/venvTelegram/lib/python3.12/site-packages/telethon/client/updates.py", line 96, in run_until_disconnected
    return self.loop.run_until_complete(self._run_until_disconnected())
           ^^^^^^^^^^^^^^^^^^^^^^^^^^^^^^^^^^^^^^^^^^^^^^^^^^^^^^^^^^^^
  File "/usr/lib/python3.12/asyncio/base_events.py", line 674, in run_until_complete
    self.run_forever()
  File "/usr/lib/python3.12/asyncio/base_events.py", line 641, in run_forever
    self._run_once()
  File "/usr/lib/python3.12/asyncio/base_events.py", line 1987, in _run_once
    handle._run()
  File "/usr/lib/python3.12/asyncio/events.py", line 88, in _run
    self._context.run(self._callback, *self._args)
  File "/mnt/Mirror/TelegramBot/TelegramMediaDownloader/venvTelegram/lib/python3.12/site-packages/telethon/client/updates.py", line 574, in _dispatch_update
    await callback(event)
  File "/mnt/Mirror/TelegramBot/TelegramMediaDownloader/beta.py", line 398, in menu_handler
    exit()
  File "<frozen _sitebuiltins>", line 26, in __call__
SystemExit: None

During handling of the above exception, another exception occurred:

Traceback (most recent call last):
  File "/mnt/Mirror/TelegramBot/TelegramMediaDownloader/beta.py", line 63, in descargarArchivos
    await enviarMensaje(f"{file_name} ha sido iniciado como descarga")
  File "/mnt/Mirror/TelegramBot/TelegramMediaDownloader/beta.py", line 215, in enviarMensaje
    await client.send_message(chat_personal, msj)
  File "/mnt/Mirror/TelegramBot/TelegramMediaDownloader/venvTelegram/lib/python3.12/site-packages/telethon/client/messages.py", line 926, in send_message
    result = await self(request)
             ^^^^^^^^^^^^^^^^^^^
  File "/mnt/Mirror/TelegramBot/TelegramMediaDownloader/venvTelegram/lib/python3.12/site-packages/telethon/client/users.py", line 30, in __call__
    return await self._call(self._sender, request, ordered=ordered)
           ^^^^^^^^^^^^^^^^^^^^^^^^^^^^^^^^^^^^^^^^^^^^^^^^^^^^^^^^
  File "/mnt/Mirror/TelegramBot/TelegramMediaDownloader/venvTelegram/lib/python3.12/site-packages/telethon/client/users.py", line 72, in _call
    future = sender.send(request, ordered=ordered)
             ^^^^^^^^^^^^^^^^^^^^^^^^^^^^^^^^^^^^^
  File "/mnt/Mirror/TelegramBot/TelegramMediaDownloader/venvTelegram/lib/python3.12/site-packages/telethon/network/mtprotosender.py", line 178, in send
    raise ConnectionError('Cannot send requests while disconnected')
ConnectionError: Cannot send requests while disconnected

During handling of the above exception, another exception occurred:

Traceback (most recent call last):
  File "/mnt/Mirror/TelegramBot/TelegramMediaDownloader/venvTelegram/lib/python3.12/site-packages/telethon/client/updates.py", line 574, in _dispatch_update
    await callback(event)
  File "/mnt/Mirror/TelegramBot/TelegramMediaDownloader/beta.py", line 426, in handler
    await descargarArchivos(client, event, file_name)
  File "/mnt/Mirror/TelegramBot/TelegramMediaDownloader/beta.py", line 86, in descargarArchivos
    await client.send_message(chat_personal, f"No se pudo descargar {file_name} por culpa de {e}")
  File "/mnt/Mirror/TelegramBot/TelegramMediaDownloader/venvTelegram/lib/python3.12/site-packages/telethon/client/messages.py", line 926, in send_message
    result = await self(request)
             ^^^^^^^^^^^^^^^^^^^
  File "/mnt/Mirror/TelegramBot/TelegramMediaDownloader/venvTelegram/lib/python3.12/site-packages/telethon/client/users.py", line 30, in __call__
    return await self._call(self._sender, request, ordered=ordered)
           ^^^^^^^^^^^^^^^^^^^^^^^^^^^^^^^^^^^^^^^^^^^^^^^^^^^^^^^^
  File "/mnt/Mirror/TelegramBot/TelegramMediaDownloader/venvTelegram/lib/python3.12/site-packages/telethon/client/users.py", line 72, in _call
    future = sender.send(request, ordered=ordered)
             ^^^^^^^^^^^^^^^^^^^^^^^^^^^^^^^^^^^^^
  File "/mnt/Mirror/TelegramBot/TelegramMediaDownloader/venvTelegram/lib/python3.12/site-packages/telethon/network/mtprotosender.py", line 178, in send
    raise ConnectionError('Cannot send requests while disconnected')
ConnectionError: Cannot send requests while disconnected
Bot escuchando mensajes nuevos...
Task exception was never retrieved
future: <Task finished name='Task-164' coro=<UpdateMethods._dispatch_update() done, defined at /mnt/Mirror/TelegramBot/TelegramMediaDownloader/venvTelegram/lib/python3.12/site-packages/telethon/client/updates.py:525> exception=SystemExit(None)>
Traceback (most recent call last):
  File "/mnt/Mirror/TelegramBot/TelegramMediaDownloader/beta.py", line 571, in <module>
    client.run_until_disconnected()
  File "/mnt/Mirror/TelegramBot/TelegramMediaDownloader/venvTelegram/lib/python3.12/site-packages/telethon/client/updates.py", line 96, in run_until_disconnected
    return self.loop.run_until_complete(self._run_until_disconnected())
           ^^^^^^^^^^^^^^^^^^^^^^^^^^^^^^^^^^^^^^^^^^^^^^^^^^^^^^^^^^^^
  File "/usr/lib/python3.12/asyncio/base_events.py", line 674, in run_until_complete
    self.run_forever()
  File "/usr/lib/python3.12/asyncio/base_events.py", line 641, in run_forever
    self._run_once()
  File "/usr/lib/python3.12/asyncio/base_events.py", line 1987, in _run_once
    handle._run()
  File "/usr/lib/python3.12/asyncio/events.py", line 88, in _run
    self._context.run(self._callback, *self._args)
  File "/mnt/Mirror/TelegramBot/TelegramMediaDownloader/venvTelegram/lib/python3.12/site-packages/telethon/client/updates.py", line 574, in _dispatch_update
    await callback(event)
  File "/mnt/Mirror/TelegramBot/TelegramMediaDownloader/beta.py", line 398, in menu_handler
    exit()
  File "<frozen _sitebuiltins>", line 26, in __call__
SystemExit: None
Attempt 1 at connecting failed: OSError: [Errno 101] Network is unreachable
Attempt 2 at connecting failed: OSError: [Errno 101] Network is unreachable
Attempt 3 at connecting failed: OSError: [Errno 101] Network is unreachable
Attempt 4 at connecting failed: OSError: [Errno 101] Network is unreachable
Attempt 5 at connecting failed: OSError: [Errno 101] Network is unreachable
Attempt 6 at connecting failed: OSError: [Errno 101] Network is unreachable
Attempt 1 at connecting failed: OSError: [Errno 101] Network is unreachable
Attempt 2 at connecting failed: OSError: [Errno 101] Network is unreachable
Attempt 3 at connecting failed: OSError: [Errno 101] Network is unreachable
Bot escuchando mensajes nuevos...
Task exception was never retrieved
future: <Task finished name='Task-45' coro=<UpdateMethods._dispatch_update() done, defined at /mnt/Mirror/TelegramBot/TelegramMediaDownloader/venvTelegram/lib/python3.12/site-packages/telethon/client/updates.py:525> exception=SystemExit(None)>
Traceback (most recent call last):
  File "/mnt/Mirror/TelegramBot/TelegramMediaDownloader/beta.py", line 571, in <module>
    client.run_until_disconnected()
  File "/mnt/Mirror/TelegramBot/TelegramMediaDownloader/venvTelegram/lib/python3.12/site-packages/telethon/client/updates.py", line 96, in run_until_disconnected
    return self.loop.run_until_complete(self._run_until_disconnected())
           ^^^^^^^^^^^^^^^^^^^^^^^^^^^^^^^^^^^^^^^^^^^^^^^^^^^^^^^^^^^^
  File "/usr/lib/python3.12/asyncio/base_events.py", line 674, in run_until_complete
    self.run_forever()
  File "/usr/lib/python3.12/asyncio/base_events.py", line 641, in run_forever
    self._run_once()
  File "/usr/lib/python3.12/asyncio/base_events.py", line 1987, in _run_once
    handle._run()
  File "/usr/lib/python3.12/asyncio/events.py", line 88, in _run
    self._context.run(self._callback, *self._args)
  File "/mnt/Mirror/TelegramBot/TelegramMediaDownloader/venvTelegram/lib/python3.12/site-packages/telethon/client/updates.py", line 574, in _dispatch_update
    await callback(event)
  File "/mnt/Mirror/TelegramBot/TelegramMediaDownloader/beta.py", line 398, in menu_handler
    exit()
  File "<frozen _sitebuiltins>", line 26, in __call__
SystemExit: None
